{"type":"FeatureCollection","features":[{"type":"Feature","geometry":{"type":"Polygon","coordinates":[[[-75.067665,40.041644],[-75.067986,40.041807],[-75.068237,40.041954],[-75.069411,40.040707],[-75.070041,40.041047],[-75.070365,40.041235],[-75.070936,40.04156],[-75.071552,40.04189],[-75.072194,40.042259],[-75.072764,40.042573],[-75.073044,40.042735],[-75.073421,40.042941],[-75.073838,40.043183],[-75.074441,40.042553],[-75.075035,40.041949],[-75.075454,40.041486],[-75.075837,40.041104],[-75.07624,40.040695],[-75.076654,40.040267],[-75.076823,40.040083],[-75.077004,40.039894],[-75.077832,40.03901],[-75.078013,40.038836],[-75.078391,40.038442],[-75.078623,40.038215],[-75.079161,40.037631],[-75.079353,40.037442],[-75.079549,40.037231],[-75.079839,40.036931],[-75.080251,40.036519],[-75.080603,40.03614],[-75.080983,40.035722],[-75.081381,40.035322],[-75.08176,40.034933],[-75.082182,40.034495],[-75.082925,40.033731],[-75.083374,40.033253],[-75.08402,40.032548],[-75.084174,40.032322],[-75.084275,40.032181],[-75.084678,40.03178],[-75.0852,40.03158],[-75.085852,40.031297],[-75.086197,40.031138],[-75.086724,40.030884],[-75.088133,40.030095],[-75.089166,40.029556],[-75.089874,40.029151],[-75.090348,40.028902],[-75.093195,40.02733],[-75.09413,40.026812],[-75.094625,40.02661],[-75.095036,40.026515],[-75.095437,40.026447],[-75.095881,40.026441],[-75.096309,40.026481],[-75.096736,40.02657],[-75.097464,40.026861],[-75.098811,40.027749],[-75.100593,40.028916],[-75.101284,40.029371],[-75.101808,40.029628],[-75.10216,40.029757],[-75.102538,40.029847],[-75.103071,40.029904],[-75.103598,40.02994],[-75.103966,40.029908],[-75.104309,40.029855],[-75.104605,40.02979],[-75.105135,40.029629],[-75.106135,40.0293],[-75.107255,40.02895],[-75.110042,40.028057],[-75.11138,40.027629],[-75.111901,40.027508],[-75.112394,40.027414],[-75.112849,40.027346],[-75.112835,40.027256],[-75.11286,40.027125],[-75.112846,40.027034],[-75.113237,40.026974],[-75.117176,40.026395],[-75.122282,40.02566],[-75.123529,40.025472],[-75.124473,40.025332],[-75.125466,40.025194],[-75.127732,40.024855],[-75.12829,40.024735],[-75.130437,40.024284],[-75.131169,40.024136],[-75.132561,40.023943],[-75.13329,40.023793],[-75.133335,40.023538],[-75.13352,40.022708],[-75.133693,40.021902],[-75.133941,40.020763],[-75.134018,40.020382],[-75.134197,40.019628],[-75.134872,40.019719],[-75.135436,40.019791],[-75.136742,40.019968],[-75.137814,40.020098],[-75.138466,40.020181],[-75.139102,40.020271],[-75.140108,40.0204],[-75.140446,40.018907],[-75.140764,40.017421],[-75.141129,40.015827],[-75.141449,40.014237],[-75.141748,40.012949],[-75.141788,40.012718],[-75.142114,40.011246],[-75.142441,40.009752],[-75.142765,40.008278],[-75.142776,40.008054],[-75.1431,40.006572],[-75.14344,40.005081],[-75.143303,40.00473],[-75.143148,40.004317],[-75.143135,40.004269],[-75.143295,40.003533],[-75.142773,40.003471],[-75.141494,40.003298],[-75.141292,40.00323],[-75.14293,40.002623],[-75.142755,40.002388],[-75.142418,40.001959],[-75.139878,40.002855],[-75.14007,40.00198],[-75.140151,40.001592],[-75.140231,40.001259],[-75.140404,40.000486],[-75.1405,40.000003],[-75.140848,39.998416],[-75.140938,39.998041],[-75.141169,39.996924],[-75.141498,39.995431],[-75.141833,39.993939],[-75.142176,39.992352],[-75.142524,39.990764],[-75.14285,39.989266],[-75.143171,39.987776],[-75.143503,39.986285],[-75.143644,39.985642],[-75.143847,39.984692],[-75.143955,39.984219],[-75.144054,39.983731],[-75.144454,39.981606],[-75.14473,39.980107],[-75.145013,39.978607],[-75.145449,39.976237],[-75.145563,39.975648],[-75.146085,39.972843],[-75.145326,39.972741],[-75.144461,39.972639],[-75.143543,39.97252],[-75.142221,39.972351],[-75.142013,39.972397],[-75.141519,39.972475],[-75.141435,39.97248],[-75.140628,39.972618],[-75.14057,39.972636],[-75.140217,39.972603],[-75.139956,39.973829],[-75.139718,39.974906],[-75.139026,39.974824],[-75.137859,39.974677],[-75.135073,39.974324],[-75.134633,39.974267],[-75.134478,39.974264],[-75.134041,39.974211],[-75.133432,39.974126],[-75.133376,39.974099],[-75.133148,39.974485],[-75.132673,39.975314],[-75.132017,39.975071],[-75.131951,39.975061],[-75.130709,39.974609],[-75.130394,39.974488],[-75.129931,39.975286],[-75.129576,39.975904],[-75.128846,39.977164],[-75.128631,39.977543],[-75.129512,39.978056],[-75.130451,39.978598],[-75.131779,39.979374],[-75.131746,39.979521],[-75.131216,39.979888],[-75.13072,39.980164],[-75.13019,39.980398],[-75.130559,39.980826],[-75.129368,39.981449],[-75.129737,39.981869],[-75.128556,39.982489],[-75.12798,39.982795],[-75.128781,39.9837],[-75.129634,39.984661],[-75.129066,39.98496],[-75.129108,39.985014],[-75.129907,39.985932],[-75.130797,39.986937],[-75.130224,39.987246],[-75.129644,39.987555],[-75.128506,39.988182],[-75.127946,39.988485],[-75.127366,39.988802],[-75.126889,39.989074],[-75.126437,39.989321],[-75.125966,39.989573],[-75.125494,39.989846],[-75.124523,39.990377],[-75.124362,39.990456],[-75.12369,39.990845],[-75.122562,39.991437],[-75.121554,39.992009],[-75.120312,39.992682],[-75.119697,39.993026],[-75.119334,39.992624],[-75.118608,39.991839],[-75.117759,39.990873],[-75.117203,39.990026],[-75.11717,39.989964],[-75.116673,39.990161],[-75.116122,39.990374],[-75.115128,39.990765],[-75.115859,39.99187],[-75.116298,39.992531],[-75.116517,39.992934],[-75.115488,39.993473],[-75.11406,39.994216],[-75.113761,39.994379],[-75.113573,39.994469],[-75.112722,39.993508],[-75.111372,39.994221],[-75.112215,39.995182],[-75.11339,39.996503],[-75.112713,39.996869],[-75.112136,39.997168],[-75.111561,39.997484],[-75.110986,39.99781],[-75.110421,39.998134],[-75.10985,39.998446],[-75.109297,39.998754],[-75.108726,39.999042],[-75.108147,39.999367],[-75.107596,39.999672],[-75.106446,40.000332],[-75.105429,40.000883],[-75.104201,40.001535],[-75.101813,40.002873],[-75.1005,40.003588],[-75.099365,40.004212],[-75.097982,40.004959],[-75.096869,40.00557],[-75.09635,40.005861],[-75.094853,40.006687],[-75.094107,40.007106],[-75.0936,40.007386],[-75.092566,40.007949],[-75.092527,40.007918],[-75.092325,40.007675],[-75.092183,40.007428],[-75.092129,40.00728],[-75.092149,40.007118],[-75.092214,40.006972],[-75.09236,40.006783],[-75.092565,40.006595],[-75.092859,40.00618],[-75.09293,40.006055],[-75.092909,40.005902],[-75.09288,40.005805],[-75.092768,40.00564],[-75.092648,40.0055],[-75.092323,40.005199],[-75.092209,40.005064],[-75.092154,40.004951],[-75.091975,40.00481],[-75.091749,40.004698],[-75.091489,40.004596],[-75.091234,40.004524],[-75.09098,40.004442],[-75.090667,40.004353],[-75.090355,40.004214],[-75.089945,40.004073],[-75.089575,40.003917],[-75.08927,40.003773],[-75.089034,40.003747],[-75.088886,40.003657],[-75.088691,40.003561],[-75.088523,40.003471],[-75.088085,40.003045],[-75.087922,40.002823],[-75.087795,40.002531],[-75.087667,40.002264],[-75.08759,40.002029],[-75.087567,40.001784],[-75.087561,40.001414],[-75.0875,40.000966],[-75.087469,40.000559],[-75.087431,40.000198],[-75.087227,39.999838],[-75.087009,39.999518],[-75.086775,39.999244],[-75.086417,39.998946],[-75.086377,39.998903],[-75.081683,40.001358],[-75.079785,40.002347],[-75.07926,40.002736],[-75.078707,40.003171],[-75.077709,40.003993],[-75.077479,40.004148],[-75.077595,40.004707],[-75.077751,40.005392],[-75.077894,40.006071],[-75.078049,40.006742],[-75.078197,40.00742],[-75.078335,40.008076],[-75.07845,40.008595],[-75.070584,40.010542],[-75.069789,40.011552],[-75.069291,40.012201],[-75.069072,40.01246],[-75.068871,40.012761],[-75.068673,40.013109],[-75.068583,40.013381],[-75.068506,40.013629],[-75.068355,40.014219],[-75.068205,40.014739],[-75.068073,40.015002],[-75.06775,40.015439],[-75.067268,40.016046],[-75.066755,40.016671],[-75.065695,40.01723],[-75.065117,40.017521],[-75.064552,40.017814],[-75.063812,40.018209],[-75.063671,40.018415],[-75.063622,40.018684],[-75.063422,40.020051],[-75.06319,40.021649],[-75.063152,40.022032],[-75.063084,40.022462],[-75.062968,40.023261],[-75.062944,40.02348],[-75.062805,40.024411],[-75.062692,40.025218],[-75.06264,40.02562],[-75.062563,40.026136],[-75.062421,40.027146],[-75.062397,40.027454],[-75.062465,40.02789],[-75.062428,40.027989],[-75.062556,40.028631],[-75.06268,40.029191],[-75.062831,40.02942],[-75.062938,40.030102],[-75.062907,40.03023],[-75.063192,40.031576],[-75.063595,40.033511],[-75.063737,40.033705],[-75.063785,40.033728],[-75.064253,40.035893],[-75.064365,40.036315],[-75.064447,40.036606],[-75.066186,40.036233],[-75.067602,40.035897],[-75.070919,40.035112],[-75.070809,40.035289],[-75.070526,40.035627],[-75.070202,40.035918],[-75.069265,40.036818],[-75.06827,40.037804],[-75.068005,40.038069],[-75.067443,40.038618],[-75.067148,40.038897],[-75.066774,40.039239],[-75.066501,40.03953],[-75.065584,40.040451],[-75.066088,40.040738],[-75.066428,40.040946],[-75.066759,40.041123],[-75.067068,40.041306],[-75.067397,40.041487],[-75.067665,40.041644]]]},"properties":{"objectid":1,"district":"7","shape_leng":100280.48307999999,"district_num":7,"Shape__Area":41583143.8828125,"Shape__Length":39935.91776388665},"id":1},{"type":"Feature","geometry":{"type":"Polygon","coordinates":[[[-75.189679,40.073468],[-75.190835,40.074124],[-75.195005,40.076497],[-75.196436,40.077313],[-75.202808,40.080963],[-75.206326,40.082979],[-75.208437,40.084207],[-75.208913,40.084583],[-75.209157,40.084763],[-75.209484,40.084951],[-75.209782,40.085098],[-75.210355,40.085323],[-75.213754,40.0873],[-75.214133,40.087514],[-75.220177,40.090991],[-75.223588,40.092954],[-75.227929,40.088668],[-75.230562,40.086068],[-75.228602,40.084884],[-75.227987,40.084364],[-75.228102,40.084308],[-75.228242,40.084206],[-75.228407,40.084139],[-75.228541,40.084076],[-75.228745,40.084041],[-75.229138,40.083968],[-75.229342,40.083957],[-75.22952,40.083926],[-75.22994,40.083818],[-75.230283,40.083717],[-75.230766,40.083545],[-75.230905,40.083485],[-75.231025,40.083394],[-75.231183,40.083246],[-75.231222,40.083165],[-75.231221,40.083037],[-75.231204,40.082951],[-75.231142,40.082856],[-75.231052,40.082815],[-75.230866,40.082768],[-75.230685,40.082733],[-75.230362,40.082687],[-75.2302,40.082691],[-75.230017,40.082706],[-75.229806,40.082651],[-75.229525,40.082559],[-75.229382,40.082467],[-75.229223,40.082381],[-75.229043,40.082315],[-75.228863,40.082241],[-75.228508,40.08212],[-75.228174,40.081946],[-75.227985,40.081867],[-75.227776,40.081766],[-75.227572,40.081648],[-75.227281,40.081431],[-75.227118,40.081327],[-75.226967,40.081148],[-75.226587,40.080871],[-75.226401,40.080696],[-75.226241,40.080505],[-75.226106,40.080304],[-75.226005,40.080173],[-75.225954,40.080035],[-75.225879,40.079862],[-75.225813,40.079733],[-75.225564,40.079353],[-75.225483,40.079207],[-75.225191,40.078772],[-75.224936,40.078378],[-75.224822,40.078176],[-75.224788,40.078004],[-75.224723,40.077839],[-75.224623,40.077654],[-75.224545,40.07745],[-75.224367,40.077041],[-75.224273,40.076864],[-75.224007,40.076507],[-75.223892,40.076318],[-75.223707,40.075991],[-75.223686,40.075873],[-75.22362,40.07574],[-75.223514,40.075578],[-75.223363,40.075142],[-75.223226,40.074894],[-75.223092,40.074665],[-75.223023,40.074488],[-75.223005,40.074277],[-75.223038,40.074091],[-75.223111,40.07389],[-75.223198,40.073733],[-75.22331,40.073583],[-75.223461,40.073462],[-75.223664,40.073326],[-75.22381,40.07322],[-75.223971,40.073123],[-75.224383,40.072937],[-75.224559,40.07284],[-75.224941,40.072657],[-75.225112,40.072552],[-75.225279,40.072431],[-75.22537,40.072312],[-75.22544,40.072185],[-75.22553,40.072102],[-75.225603,40.071901],[-75.225604,40.071725],[-75.225584,40.071604],[-75.225471,40.071501],[-75.225302,40.071399],[-75.225175,40.071276],[-75.225057,40.071172],[-75.224889,40.071052],[-75.224732,40.070924],[-75.224564,40.070819],[-75.224385,40.070717],[-75.224079,40.070493],[-75.223926,40.070376],[-75.223748,40.070259],[-75.223575,40.070139],[-75.223407,40.070038],[-75.223268,40.069941],[-75.223007,40.069737],[-75.22289,40.069617],[-75.222777,40.069518],[-75.222634,40.069417],[-75.222551,40.06933],[-75.222499,40.069235],[-75.222397,40.06912],[-75.222283,40.069032],[-75.222172,40.068901],[-75.22202,40.068749],[-75.221857,40.068625],[-75.22169,40.068489],[-75.221511,40.068407],[-75.221413,40.068304],[-75.221362,40.06819],[-75.221157,40.067975],[-75.220913,40.067732],[-75.220708,40.067517],[-75.220539,40.067284],[-75.220515,40.06712],[-75.220502,40.066929],[-75.220427,40.06674],[-75.220382,40.066595],[-75.220365,40.066388],[-75.22038,40.066252],[-75.220445,40.066145],[-75.220665,40.065935],[-75.22078,40.065837],[-75.220891,40.065718],[-75.221084,40.06559],[-75.221282,40.065439],[-75.221525,40.065304],[-75.221748,40.065161],[-75.222063,40.06502],[-75.222316,40.064901],[-75.222526,40.064827],[-75.222879,40.064734],[-75.223111,40.064649],[-75.223295,40.064595],[-75.223467,40.064459],[-75.223548,40.064344],[-75.223554,40.064172],[-75.223569,40.064052],[-75.223528,40.063911],[-75.223325,40.063657],[-75.223194,40.06351],[-75.223027,40.063343],[-75.222821,40.063183],[-75.22268,40.063016],[-75.222245,40.062446],[-75.222133,40.06219],[-75.222144,40.062039],[-75.222072,40.061916],[-75.221993,40.061724],[-75.221904,40.061535],[-75.221821,40.061299],[-75.22174,40.061044],[-75.221646,40.060832],[-75.221556,40.060678],[-75.221421,40.060492],[-75.22125,40.060306],[-75.221064,40.06013],[-75.221007,40.060039],[-75.220886,40.060017],[-75.220713,40.059896],[-75.220583,40.059726],[-75.220333,40.059343],[-75.220239,40.059146],[-75.220168,40.059016],[-75.220082,40.058878],[-75.219942,40.058563],[-75.219861,40.058414],[-75.219665,40.058094],[-75.219584,40.057967],[-75.219476,40.057868],[-75.219312,40.057778],[-75.21918,40.057655],[-75.219119,40.057529],[-75.219001,40.057417],[-75.218868,40.057325],[-75.218623,40.057113],[-75.21853,40.05701],[-75.218524,40.0569],[-75.218437,40.056786],[-75.218364,40.056718],[-75.218316,40.056627],[-75.218194,40.056519],[-75.218103,40.056365],[-75.217895,40.055979],[-75.217884,40.055854],[-75.217858,40.055737],[-75.217813,40.055596],[-75.217792,40.055471],[-75.217787,40.055326],[-75.217799,40.055132],[-75.217795,40.054972],[-75.217781,40.05482],[-75.217708,40.054604],[-75.217648,40.054315],[-75.217573,40.054006],[-75.217506,40.053755],[-75.217448,40.053563],[-75.217349,40.053366],[-75.217279,40.053181],[-75.217191,40.052977],[-75.217086,40.052803],[-75.216837,40.052552],[-75.216684,40.05244],[-75.216525,40.052347],[-75.216192,40.052176],[-75.216024,40.052048],[-75.215841,40.051935],[-75.215475,40.051701],[-75.215338,40.051581],[-75.215228,40.051407],[-75.215031,40.051231],[-75.2148,40.051059],[-75.214644,40.050884],[-75.214446,40.050623],[-75.214206,40.050142],[-75.213992,40.049764],[-75.213833,40.049398],[-75.213803,40.049242],[-75.213737,40.049141],[-75.213126,40.049285],[-75.21293,40.049312],[-75.212791,40.049283],[-75.212683,40.04923],[-75.212562,40.049152],[-75.212486,40.049088],[-75.212412,40.049007],[-75.212313,40.048916],[-75.212076,40.048766],[-75.212005,40.048734],[-75.21182,40.048692],[-75.211615,40.048657],[-75.211522,40.048628],[-75.211346,40.048541],[-75.211052,40.048312],[-75.210901,40.048201],[-75.210694,40.048024],[-75.210521,40.04791],[-75.210444,40.047869],[-75.210339,40.047782],[-75.210274,40.047698],[-75.210214,40.047588],[-75.210144,40.047417],[-75.21006,40.047191],[-75.209988,40.047098],[-75.209925,40.047065],[-75.209835,40.047044],[-75.209739,40.047035],[-75.209625,40.047057],[-75.209207,40.04717],[-75.208652,40.047357],[-75.208334,40.047452],[-75.208057,40.0475],[-75.207911,40.047514],[-75.207681,40.047506],[-75.207143,40.047446],[-75.206635,40.047427],[-75.207007,40.047073],[-75.205894,40.046132],[-75.204093,40.044629],[-75.203999,40.044563],[-75.201435,40.042414],[-75.200768,40.041836],[-75.200302,40.041424],[-75.19978,40.041008],[-75.198931,40.040292],[-75.197998,40.039478],[-75.19613,40.037933],[-75.195916,40.037742],[-75.194988,40.036932],[-75.193984,40.036108],[-75.193292,40.035529],[-75.193129,40.035391],[-75.192729,40.03503],[-75.191903,40.034321],[-75.190434,40.033061],[-75.189795,40.032548],[-75.189066,40.031914],[-75.188533,40.031467],[-75.187779,40.030781],[-75.18738,40.030432],[-75.186196,40.029478],[-75.185467,40.028885],[-75.184758,40.028295],[-75.184236,40.027866],[-75.184171,40.027795],[-75.183546,40.027275],[-75.182935,40.026754],[-75.182127,40.026055],[-75.18167,40.025666],[-75.179846,40.024095],[-75.179036,40.023338],[-75.178143,40.022604],[-75.176863,40.021511],[-75.174965,40.019901],[-75.17325,40.018421],[-75.172963,40.018126],[-75.17256,40.017789],[-75.172208,40.017503],[-75.170099,40.015732],[-75.16991,40.015259],[-75.169877,40.01514],[-75.169177,40.013055],[-75.169116,40.01289],[-75.169049,40.012772],[-75.167816,40.011144],[-75.167642,40.010914],[-75.167444,40.010626],[-75.166874,40.009911],[-75.167947,40.009388],[-75.169023,40.008911],[-75.169252,40.008779],[-75.169745,40.008595],[-75.170359,40.008416],[-75.172212,40.007908],[-75.171787,40.007433],[-75.171499,40.007079],[-75.170816,40.006179],[-75.169507,40.004408],[-75.169422,40.004313],[-75.168945,40.00367],[-75.169096,40.003681],[-75.169442,40.00211],[-75.169541,40.001692],[-75.169618,40.001319],[-75.16968,40.001057],[-75.169757,40.000631],[-75.170423,39.997628],[-75.17077,39.996045],[-75.170204,39.995977],[-75.169179,39.995836],[-75.168609,39.995771],[-75.168142,39.995704],[-75.16757,39.995631],[-75.164098,39.995178],[-75.163543,39.995122],[-75.162545,39.994977],[-75.161352,39.994821],[-75.160949,39.994746],[-75.159921,39.994601],[-75.15937,39.994534],[-75.15881,39.99444],[-75.158361,39.994392],[-75.157794,39.994352],[-75.15725,39.994287],[-75.156789,39.994235],[-75.156231,39.994158],[-75.155055,39.994005],[-75.15459,39.993948],[-75.154321,39.995231],[-75.154256,39.995535],[-75.154144,39.996001],[-75.153987,39.996791],[-75.153611,39.998525],[-75.153568,39.998733],[-75.153432,39.999331],[-75.153377,39.999544],[-75.153274,40.000014],[-75.152928,40.001602],[-75.152553,40.003191],[-75.152238,40.004699],[-75.151923,40.006177],[-75.151605,40.007675],[-75.151456,40.008313],[-75.151371,40.008737],[-75.151249,40.009288],[-75.151093,40.009944],[-75.150886,40.010846],[-75.150588,40.012293],[-75.150576,40.01238],[-75.150397,40.013175],[-75.150247,40.013771],[-75.150216,40.013925],[-75.150098,40.014577],[-75.150041,40.014828],[-75.149934,40.015335],[-75.149842,40.015681],[-75.149772,40.016031],[-75.149729,40.016224],[-75.149589,40.016942],[-75.149349,40.017967],[-75.149092,40.018119],[-75.14847,40.018416],[-75.147146,40.01902],[-75.147061,40.019103],[-75.146397,40.019416],[-75.145924,40.019636],[-75.145594,40.01978],[-75.145369,40.019875],[-75.14511,40.019961],[-75.144589,40.020089],[-75.142366,40.02056],[-75.14203,40.020645],[-75.140952,40.020506],[-75.140108,40.0204],[-75.139102,40.020271],[-75.138466,40.020181],[-75.137814,40.020098],[-75.136742,40.019968],[-75.135436,40.019791],[-75.134872,40.019719],[-75.134197,40.019628],[-75.134018,40.020382],[-75.133941,40.020763],[-75.133693,40.021902],[-75.13352,40.022708],[-75.133335,40.023538],[-75.13329,40.023793],[-75.132561,40.023943],[-75.131169,40.024136],[-75.130437,40.024284],[-75.12829,40.024735],[-75.127732,40.024855],[-75.125466,40.025194],[-75.124473,40.025332],[-75.123529,40.025472],[-75.122282,40.02566],[-75.117176,40.026395],[-75.113237,40.026974],[-75.112846,40.027034],[-75.11286,40.027125],[-75.112835,40.027256],[-75.112849,40.027346],[-75.112884,40.027526],[-75.112885,40.027668],[-75.11285,40.027728],[-75.112741,40.027807],[-75.113149,40.028912],[-75.113481,40.029043],[-75.113906,40.029141],[-75.114318,40.029166],[-75.114682,40.029136],[-75.115559,40.029003],[-75.116849,40.028812],[-75.117249,40.028756],[-75.117755,40.028681],[-75.117604,40.028072],[-75.120616,40.027636],[-75.120333,40.02799],[-75.120039,40.028338],[-75.119771,40.02864],[-75.119604,40.028857],[-75.119051,40.02951],[-75.118447,40.030227],[-75.119714,40.030389],[-75.120465,40.030477],[-75.121438,40.030595],[-75.122393,40.030717],[-75.123372,40.030846],[-75.123643,40.030875],[-75.124367,40.030963],[-75.126386,40.03122],[-75.126148,40.032086],[-75.126099,40.032289],[-75.126568,40.032303],[-75.126909,40.032323],[-75.12725,40.032349],[-75.12759,40.032383],[-75.127928,40.032421],[-75.12962,40.032625],[-75.130973,40.032789],[-75.133979,40.033155],[-75.134937,40.033279],[-75.134947,40.033088],[-75.135156,40.030773],[-75.136344,40.030916],[-75.13676,40.030973],[-75.137694,40.031088],[-75.139306,40.031297],[-75.140106,40.031409],[-75.140884,40.031502],[-75.141224,40.029967],[-75.14156,40.028458],[-75.142338,40.028553],[-75.143128,40.028652],[-75.143916,40.028758],[-75.144719,40.028865],[-75.146154,40.029053],[-75.14692,40.029122],[-75.14683,40.029612],[-75.146685,40.030236],[-75.146578,40.030647],[-75.146522,40.030875],[-75.14623,40.032195],[-75.1459,40.033737],[-75.145556,40.035271],[-75.144752,40.039082],[-75.144575,40.039846],[-75.144446,40.040524],[-75.144287,40.041177],[-75.144196,40.041484],[-75.143872,40.04291],[-75.14355,40.044435],[-75.143265,40.045725],[-75.143105,40.046482],[-75.1429,40.047503],[-75.14255,40.04905],[-75.142217,40.050572],[-75.141875,40.052086],[-75.141626,40.053233],[-75.141563,40.053609],[-75.141795,40.05364],[-75.143192,40.05382],[-75.144764,40.054032],[-75.1453,40.054098],[-75.145556,40.054127],[-75.146337,40.054229],[-75.147127,40.054328],[-75.147606,40.054393],[-75.148419,40.054497],[-75.149197,40.054601],[-75.149361,40.054625],[-75.149707,40.054658],[-75.149922,40.053136],[-75.150026,40.052483],[-75.150144,40.051587],[-75.150475,40.051732],[-75.151654,40.052281],[-75.152883,40.052853],[-75.153323,40.053047],[-75.15367,40.053225],[-75.154385,40.053554],[-75.155217,40.053932],[-75.155558,40.054083],[-75.156489,40.054529],[-75.157178,40.054844],[-75.15756,40.055043],[-75.157751,40.055162],[-75.157873,40.055208],[-75.158309,40.055446],[-75.158892,40.055778],[-75.160642,40.056789],[-75.160693,40.056841],[-75.161951,40.057576],[-75.162125,40.057648],[-75.162249,40.05771],[-75.163176,40.058243],[-75.164605,40.059053],[-75.165455,40.059551],[-75.165955,40.059831],[-75.166232,40.059995],[-75.166971,40.060423],[-75.16749,40.060716],[-75.167847,40.060922],[-75.168327,40.061194],[-75.168645,40.061383],[-75.169382,40.061807],[-75.170067,40.062195],[-75.170476,40.062432],[-75.171179,40.062829],[-75.171453,40.062998],[-75.171836,40.063219],[-75.172163,40.063404],[-75.172571,40.063648],[-75.172909,40.06383],[-75.173728,40.064299],[-75.174031,40.064467],[-75.174168,40.064557],[-75.174446,40.064723],[-75.174936,40.065009],[-75.17533,40.065225],[-75.175741,40.065463],[-75.176528,40.065905],[-75.176956,40.066159],[-75.177263,40.066339],[-75.177649,40.066556],[-75.178011,40.066753],[-75.178674,40.067127],[-75.179308,40.067492],[-75.180113,40.067963],[-75.180547,40.068199],[-75.180903,40.068421],[-75.181754,40.068912],[-75.182222,40.069168],[-75.182518,40.069348],[-75.182647,40.069415],[-75.182897,40.069562],[-75.183215,40.069759],[-75.183387,40.069858],[-75.183651,40.069999],[-75.183915,40.070154],[-75.184656,40.070574],[-75.185563,40.071082],[-75.186563,40.071666],[-75.186956,40.071891],[-75.187279,40.072071],[-75.187698,40.072311],[-75.188055,40.072512],[-75.188503,40.072773],[-75.189209,40.073173],[-75.189679,40.073468]]]},"properties":{"objectid":2,"district":"8","shape_leng":125357.86602199999,"district_num":8,"Shape__Area":61054543.51953125,"Shape__Length":49939.7853387247},"id":2},{"type":"Feature","geometry":{"type":"Polygon","coordinates":[[[-75.087466,40.063593],[-75.089764,40.061295],[-75.092077,40.058975],[-75.093618,40.05743],[-75.095121,40.055946],[-75.095759,40.055639],[-75.096507,40.05518],[-75.09749,40.054488],[-75.097667,40.054375],[-75.098466,40.053896],[-75.098804,40.053723],[-75.099112,40.053572],[-75.099377,40.053308],[-75.099832,40.053162],[-75.100753,40.052597],[-75.106313,40.0493],[-75.107493,40.048337],[-75.107647,40.048149],[-75.107429,40.048031],[-75.108214,40.047239],[-75.108105,40.047176],[-75.109047,40.046219],[-75.108908,40.046136],[-75.109267,40.045787],[-75.112058,40.047394],[-75.117062,40.050296],[-75.122124,40.053169],[-75.125356,40.05502],[-75.133072,40.059656],[-75.136839,40.061981],[-75.139417,40.063395],[-75.140904,40.06424],[-75.146796,40.067595],[-75.155836,40.072742],[-75.159123,40.074607],[-75.163408,40.07698],[-75.16409,40.077362],[-75.16528,40.078066],[-75.175873,40.084332],[-75.17651,40.084701],[-75.177147,40.084053],[-75.179346,40.081851],[-75.182302,40.078929],[-75.188479,40.072879],[-75.189617,40.073522],[-75.189679,40.073468],[-75.189209,40.073173],[-75.188503,40.072773],[-75.188055,40.072512],[-75.187698,40.072311],[-75.187279,40.072071],[-75.186956,40.071891],[-75.186563,40.071666],[-75.185563,40.071082],[-75.184656,40.070574],[-75.183915,40.070154],[-75.183651,40.069999],[-75.183387,40.069858],[-75.183215,40.069759],[-75.182897,40.069562],[-75.182647,40.069415],[-75.182518,40.069348],[-75.182222,40.069168],[-75.181754,40.068912],[-75.180903,40.068421],[-75.180547,40.068199],[-75.180113,40.067963],[-75.179308,40.067492],[-75.178674,40.067127],[-75.178011,40.066753],[-75.177649,40.066556],[-75.177263,40.066339],[-75.176956,40.066159],[-75.176528,40.065905],[-75.175741,40.065463],[-75.17533,40.065225],[-75.174936,40.065009],[-75.174446,40.064723],[-75.174168,40.064557],[-75.174031,40.064467],[-75.173728,40.064299],[-75.172909,40.06383],[-75.172571,40.063648],[-75.172163,40.063404],[-75.171836,40.063219],[-75.171453,40.062998],[-75.171179,40.062829],[-75.170476,40.062432],[-75.170067,40.062195],[-75.169382,40.061807],[-75.168645,40.061383],[-75.168327,40.061194],[-75.167847,40.060922],[-75.16749,40.060716],[-75.166971,40.060423],[-75.166232,40.059995],[-75.165955,40.059831],[-75.165455,40.059551],[-75.164605,40.059053],[-75.163176,40.058243],[-75.162249,40.05771],[-75.162125,40.057648],[-75.161951,40.057576],[-75.160693,40.056841],[-75.160642,40.056789],[-75.158892,40.055778],[-75.158309,40.055446],[-75.157873,40.055208],[-75.157751,40.055162],[-75.15756,40.055043],[-75.157178,40.054844],[-75.156489,40.054529],[-75.155558,40.054083],[-75.155217,40.053932],[-75.154385,40.053554],[-75.15367,40.053225],[-75.153323,40.053047],[-75.152883,40.052853],[-75.151654,40.052281],[-75.150475,40.051732],[-75.150144,40.051587],[-75.150026,40.052483],[-75.149922,40.053136],[-75.149707,40.054658],[-75.149361,40.054625],[-75.149197,40.054601],[-75.148419,40.054497],[-75.147606,40.054393],[-75.147127,40.054328],[-75.146337,40.054229],[-75.145556,40.054127],[-75.1453,40.054098],[-75.144764,40.054032],[-75.143192,40.05382],[-75.141795,40.05364],[-75.141563,40.053609],[-75.141626,40.053233],[-75.141875,40.052086],[-75.142217,40.050572],[-75.14255,40.04905],[-75.1429,40.047503],[-75.143105,40.046482],[-75.143265,40.045725],[-75.14355,40.044435],[-75.143872,40.04291],[-75.144196,40.041484],[-75.144287,40.041177],[-75.144446,40.040524],[-75.144575,40.039846],[-75.144752,40.039082],[-75.145556,40.035271],[-75.1459,40.033737],[-75.14623,40.032195],[-75.146522,40.030875],[-75.146578,40.030647],[-75.146685,40.030236],[-75.14683,40.029612],[-75.14692,40.029122],[-75.146154,40.029053],[-75.144719,40.028865],[-75.143916,40.028758],[-75.143128,40.028652],[-75.142338,40.028553],[-75.14156,40.028458],[-75.141224,40.029967],[-75.140884,40.031502],[-75.140106,40.031409],[-75.139306,40.031297],[-75.137694,40.031088],[-75.13676,40.030973],[-75.136344,40.030916],[-75.135156,40.030773],[-75.134947,40.033088],[-75.134937,40.033279],[-75.133979,40.033155],[-75.130973,40.032789],[-75.12962,40.032625],[-75.127928,40.032421],[-75.12759,40.032383],[-75.12725,40.032349],[-75.126909,40.032323],[-75.126568,40.032303],[-75.126099,40.032289],[-75.126148,40.032086],[-75.126386,40.03122],[-75.124367,40.030963],[-75.123643,40.030875],[-75.123372,40.030846],[-75.122393,40.030717],[-75.121438,40.030595],[-75.120465,40.030477],[-75.119714,40.030389],[-75.118447,40.030227],[-75.119051,40.02951],[-75.119604,40.028857],[-75.119771,40.02864],[-75.120039,40.028338],[-75.120333,40.02799],[-75.120616,40.027636],[-75.117604,40.028072],[-75.117755,40.028681],[-75.117249,40.028756],[-75.116849,40.028812],[-75.115559,40.029003],[-75.114682,40.029136],[-75.114318,40.029166],[-75.113906,40.029141],[-75.113481,40.029043],[-75.113149,40.028912],[-75.112741,40.027807],[-75.11285,40.027728],[-75.112885,40.027668],[-75.112884,40.027526],[-75.112849,40.027346],[-75.112394,40.027414],[-75.111901,40.027508],[-75.11138,40.027629],[-75.110042,40.028057],[-75.107255,40.02895],[-75.106135,40.0293],[-75.105135,40.029629],[-75.104605,40.02979],[-75.104309,40.029855],[-75.103966,40.029908],[-75.103598,40.02994],[-75.103071,40.029904],[-75.102538,40.029847],[-75.10216,40.029757],[-75.101808,40.029628],[-75.101284,40.029371],[-75.100593,40.028916],[-75.098811,40.027749],[-75.097464,40.026861],[-75.096736,40.02657],[-75.096309,40.026481],[-75.095881,40.026441],[-75.095437,40.026447],[-75.095036,40.026515],[-75.094625,40.02661],[-75.09413,40.026812],[-75.093195,40.02733],[-75.090348,40.028902],[-75.089874,40.029151],[-75.089166,40.029556],[-75.088133,40.030095],[-75.086724,40.030884],[-75.086197,40.031138],[-75.085852,40.031297],[-75.0852,40.03158],[-75.084678,40.03178],[-75.084275,40.032181],[-75.084174,40.032322],[-75.08402,40.032548],[-75.083374,40.033253],[-75.082925,40.033731],[-75.082182,40.034495],[-75.08176,40.034933],[-75.081381,40.035322],[-75.080983,40.035722],[-75.080603,40.03614],[-75.080251,40.036519],[-75.079839,40.036931],[-75.079549,40.037231],[-75.079353,40.037442],[-75.079161,40.037631],[-75.078623,40.038215],[-75.078391,40.038442],[-75.078013,40.038836],[-75.077832,40.03901],[-75.077004,40.039894],[-75.076823,40.040083],[-75.076654,40.040267],[-75.07624,40.040695],[-75.075837,40.041104],[-75.075454,40.041486],[-75.075035,40.041949],[-75.074441,40.042553],[-75.073838,40.043183],[-75.073421,40.042941],[-75.073044,40.042735],[-75.072764,40.042573],[-75.072194,40.042259],[-75.071552,40.04189],[-75.070936,40.04156],[-75.070365,40.041235],[-75.070041,40.041047],[-75.069411,40.040707],[-75.068237,40.041954],[-75.067986,40.041807],[-75.067665,40.041644],[-75.066503,40.042882],[-75.066819,40.043055],[-75.067397,40.043384],[-75.06768,40.043537],[-75.0674,40.04383],[-75.066549,40.044751],[-75.06533,40.046017],[-75.065696,40.046221],[-75.066288,40.046555],[-75.06643,40.046628],[-75.065218,40.047888],[-75.06344,40.04976],[-75.06352,40.049774],[-75.063833,40.04994],[-75.064563,40.050348],[-75.064845,40.050503],[-75.065134,40.050674],[-75.065405,40.050818],[-75.065758,40.051017],[-75.066049,40.05119],[-75.067726,40.052155],[-75.068505,40.0526],[-75.069724,40.053294],[-75.071464,40.054299],[-75.071517,40.054351],[-75.073258,40.055339],[-75.074098,40.055828],[-75.075034,40.056368],[-75.076736,40.05736],[-75.077781,40.057935],[-75.078078,40.058113],[-75.079614,40.059003],[-75.080509,40.059537],[-75.081405,40.060041],[-75.08228,40.060556],[-75.0831,40.061028],[-75.083527,40.06128],[-75.083836,40.061482],[-75.084782,40.062053],[-75.085743,40.062604],[-75.086571,40.063099],[-75.087067,40.063372],[-75.087466,40.063593]]]},"properties":{"objectid":3,"district":"9","shape_leng":108009.69934299999,"district_num":9,"Shape__Area":41322316.796875,"Shape__Length":43023.81894780326},"id":3},{"type":"Feature","geometry":{"type":"Polygon","coordinates":[[[-74.981068,40.064939],[-74.981153,40.065164],[-74.981158,40.065244],[-74.981071,40.06544],[-74.981001,40.065497],[-74.980924,40.065595],[-74.980972,40.065871],[-74.980906,40.066025],[-74.980767,40.066198],[-74.980677,40.066263],[-74.980431,40.066318],[-74.98031,40.066357],[-74.980229,40.0664],[-74.980026,40.066554],[-74.979861,40.066716],[-74.979794,40.066907],[-74.97974,40.066958],[-74.979611,40.067052],[-74.979413,40.067206],[-74.979063,40.06739],[-74.978857,40.067447],[-74.978671,40.067518],[-74.978542,40.067547],[-74.978264,40.067619],[-74.978197,40.067644],[-74.977801,40.06786],[-74.977637,40.067918],[-74.97745,40.068011],[-74.977392,40.06805],[-74.977271,40.068157],[-74.977079,40.06849],[-74.976912,40.06886],[-74.976836,40.069079],[-74.976782,40.069153],[-74.976699,40.069213],[-74.976288,40.069373],[-74.975989,40.069503],[-74.975815,40.069594],[-74.975582,40.069708],[-74.975349,40.069779],[-74.975166,40.069898],[-74.975108,40.070008],[-74.975124,40.070296],[-74.975114,40.070391],[-74.975073,40.070487],[-74.975037,40.070618],[-74.974979,40.070695],[-74.9749,40.070768],[-74.97475,40.070863],[-74.974621,40.070915],[-74.974358,40.070997],[-74.974175,40.071034],[-74.974072,40.071073],[-74.973669,40.071306],[-74.973604,40.07153],[-74.973545,40.071622],[-74.973476,40.071697],[-74.973373,40.071762],[-74.973117,40.071876],[-74.972918,40.071934],[-74.97265,40.07208],[-74.972503,40.07223],[-74.972435,40.072371],[-74.972333,40.072856],[-74.972271,40.073022],[-74.972245,40.073117],[-74.972168,40.07322],[-74.972068,40.07329],[-74.971734,40.073369],[-74.97157,40.073429],[-74.971507,40.073463],[-74.971288,40.073611],[-74.971073,40.073763],[-74.971041,40.073801],[-74.97103,40.073908],[-74.97106,40.073985],[-74.971152,40.074075],[-74.971532,40.0743],[-74.971598,40.074375],[-74.971628,40.074459],[-74.971594,40.074561],[-74.971377,40.074665],[-74.971362,40.074683],[-74.971281,40.074864],[-74.971234,40.075183],[-74.971398,40.075512],[-74.971416,40.075606],[-74.971362,40.075761],[-74.971262,40.075867],[-74.971197,40.075922],[-74.971087,40.076032],[-74.970911,40.076178],[-74.970801,40.076244],[-74.97069,40.076274],[-74.970558,40.076268],[-74.970476,40.076244],[-74.970273,40.076229],[-74.970111,40.076277],[-74.9699,40.076397],[-74.969809,40.076459],[-74.96975,40.076482],[-74.969621,40.076484],[-74.969515,40.076475],[-74.969367,40.076442],[-74.969213,40.076369],[-74.969055,40.076281],[-74.96891,40.076278],[-74.968671,40.076298],[-74.968086,40.076336],[-74.967865,40.076347],[-74.967605,40.076337],[-74.967272,40.076357],[-74.966968,40.076386],[-74.966843,40.076446],[-74.966785,40.076527],[-74.966751,40.076698],[-74.966671,40.076957],[-74.966575,40.077074],[-74.96649,40.077126],[-74.966283,40.07723],[-74.966171,40.077277],[-74.966073,40.07727],[-74.965627,40.07726],[-74.965453,40.077246],[-74.965249,40.077222],[-74.964982,40.077205],[-74.964958,40.077194],[-74.964387,40.077067],[-74.96428,40.077053],[-74.964077,40.077056],[-74.963868,40.077071],[-74.963776,40.077061],[-74.963533,40.077065],[-74.963487,40.077078],[-74.963287,40.077212],[-74.963184,40.077393],[-74.963014,40.07754],[-74.96289,40.077658],[-74.962753,40.077767],[-74.96263,40.077874],[-74.962503,40.077958],[-74.962446,40.078028],[-74.962432,40.078097],[-74.962432,40.078261],[-74.962519,40.078467],[-74.962535,40.078588],[-74.962477,40.078691],[-74.962405,40.078788],[-74.96236,40.07881],[-74.96227,40.078903],[-74.962183,40.079074],[-74.962151,40.07918],[-74.962132,40.079435],[-74.962059,40.079558],[-74.961987,40.079647],[-74.961893,40.079674],[-74.961725,40.079786],[-74.961699,40.079817],[-74.961595,40.07988],[-74.961407,40.080038],[-74.961271,40.080208],[-74.961229,40.080283],[-74.961148,40.080386],[-74.960997,40.080526],[-74.960939,40.080556],[-74.96085,40.080626],[-74.960769,40.080703],[-74.960482,40.080892],[-74.960365,40.080988],[-74.960174,40.081094],[-74.960045,40.081284],[-74.960087,40.081557],[-74.960089,40.081707],[-74.960053,40.081948],[-74.959968,40.082155],[-74.959915,40.082213],[-74.959827,40.082283],[-74.959735,40.082313],[-74.95925,40.082381],[-74.959167,40.082378],[-74.959087,40.082394],[-74.959001,40.082511],[-74.959132,40.082723],[-74.959142,40.082783],[-74.959135,40.082927],[-74.959045,40.083075],[-74.95896,40.083148],[-74.958908,40.083214],[-74.958985,40.08346],[-74.958973,40.083583],[-74.958952,40.083681],[-74.958782,40.083886],[-74.958677,40.083949],[-74.958542,40.083926],[-74.958444,40.083927],[-74.958416,40.083951],[-74.958366,40.084121],[-74.958423,40.084215],[-74.958631,40.084302],[-74.95868,40.08439],[-74.958628,40.084601],[-74.958341,40.084956],[-74.958272,40.085207],[-74.958248,40.085326],[-74.958222,40.085584],[-74.95822,40.085738],[-74.958226,40.085882],[-74.958204,40.086041],[-74.958145,40.08612],[-74.958076,40.08617],[-74.958026,40.086316],[-74.958023,40.086524],[-74.958031,40.086601],[-74.958018,40.086841],[-74.957959,40.086907],[-74.957637,40.087075],[-74.95761,40.087211],[-74.957697,40.08758],[-74.957725,40.087627],[-74.957753,40.087717],[-74.957891,40.087951],[-74.958011,40.088251],[-74.958182,40.088729],[-74.958252,40.089145],[-74.95811,40.089389],[-74.958113,40.089569],[-74.958066,40.089682],[-74.958013,40.089733],[-74.95794,40.089759],[-74.957862,40.08981],[-74.957817,40.089862],[-74.957791,40.089924],[-74.957824,40.090127],[-74.957965,40.09038],[-74.957961,40.090569],[-74.957644,40.091153],[-74.957622,40.091175],[-74.957473,40.091257],[-74.957443,40.091355],[-74.957199,40.091684],[-74.957125,40.091874],[-74.957102,40.092006],[-74.956951,40.092173],[-74.95681,40.092317],[-74.956692,40.09248],[-74.956528,40.092747],[-74.956415,40.092969],[-74.956382,40.093153],[-74.956403,40.093396],[-74.956407,40.093592],[-74.956393,40.093732],[-74.956309,40.093903],[-74.956212,40.094069],[-74.956093,40.094308],[-74.956077,40.094349],[-74.955864,40.094775],[-74.955815,40.094931],[-74.955749,40.095055],[-74.955838,40.095266],[-74.956119,40.095592],[-74.956097,40.095777],[-74.956285,40.09593],[-74.956452,40.095974],[-74.956641,40.095967],[-74.956838,40.09593],[-74.957059,40.095902],[-74.957196,40.095926],[-74.957355,40.095967],[-74.957457,40.096004],[-74.957624,40.0961],[-74.95783,40.096249],[-74.95808,40.096481],[-74.958154,40.096609],[-74.958283,40.096715],[-74.958763,40.096905],[-74.958883,40.096941],[-74.959076,40.097044],[-74.959476,40.097223],[-74.959716,40.097369],[-74.959755,40.097386],[-74.960463,40.097572],[-74.96068,40.097548],[-74.960924,40.097479],[-74.96106,40.097485],[-74.96162,40.09767],[-74.961809,40.097755],[-74.961814,40.097928],[-74.961775,40.098025],[-74.961715,40.098066],[-74.961638,40.09814],[-74.961583,40.098231],[-74.961616,40.098306],[-74.962062,40.098618],[-74.962074,40.098755],[-74.962023,40.098852],[-74.961917,40.098954],[-74.961786,40.099049],[-74.961731,40.099101],[-74.961678,40.099198],[-74.961689,40.099217],[-74.961918,40.099416],[-74.961975,40.099498],[-74.96202,40.099595],[-74.962014,40.099659],[-74.96189,40.099911],[-74.96185,40.100162],[-74.961744,40.100657],[-74.961715,40.100757],[-74.961643,40.100904],[-74.961395,40.101159],[-74.961141,40.101391],[-74.961122,40.101422],[-74.961063,40.10168],[-74.961102,40.101805],[-74.961269,40.101957],[-74.961297,40.102006],[-74.961301,40.102114],[-74.961281,40.102164],[-74.961203,40.102428],[-74.961199,40.102605],[-74.961085,40.102823],[-74.961032,40.102983],[-74.960997,40.103123],[-74.961019,40.103322],[-74.961079,40.103389],[-74.961164,40.103453],[-74.961403,40.103583],[-74.961767,40.103818],[-74.961993,40.104026],[-74.962161,40.10419],[-74.96236,40.104339],[-74.962539,40.104484],[-74.962538,40.104556],[-74.962464,40.104679],[-74.962435,40.10483],[-74.962443,40.104886],[-74.962552,40.105079],[-74.962694,40.105143],[-74.962965,40.105211],[-74.963185,40.105292],[-74.96339,40.105377],[-74.963593,40.105476],[-74.963928,40.105597],[-74.963989,40.105732],[-74.963908,40.105818],[-74.963686,40.105991],[-74.963607,40.106146],[-74.963671,40.106287],[-74.963664,40.106381],[-74.963614,40.106445],[-74.963532,40.106483],[-74.963412,40.106516],[-74.963264,40.106581],[-74.963222,40.106665],[-74.963225,40.106714],[-74.963331,40.106871],[-74.963517,40.106989],[-74.963711,40.107066],[-74.963958,40.107107],[-74.964327,40.107136],[-74.964979,40.107198],[-74.965048,40.107213],[-74.965137,40.107316],[-74.965212,40.107451],[-74.965295,40.107618],[-74.965369,40.107783],[-74.965504,40.107989],[-74.965609,40.108099],[-74.96557,40.10818],[-74.96549,40.108264],[-74.965371,40.10843],[-74.965236,40.108636],[-74.965102,40.108797],[-74.964884,40.108936],[-74.96481,40.109005],[-74.96468,40.109321],[-74.964581,40.109444],[-74.964477,40.109494],[-74.96441,40.109506],[-74.964333,40.109484],[-74.964237,40.109437],[-74.96413,40.109452],[-74.963979,40.109516],[-74.963861,40.109655],[-74.963755,40.109793],[-74.963711,40.109876],[-74.963747,40.110094],[-74.963813,40.110229],[-74.963841,40.110453],[-74.96386,40.11049],[-74.964041,40.110714],[-74.964121,40.110867],[-74.964117,40.110996],[-74.964085,40.111152],[-74.964029,40.111275],[-74.963914,40.111396],[-74.963805,40.111558],[-74.963795,40.11159],[-74.963785,40.111746],[-74.963858,40.111919],[-74.963886,40.112063],[-74.963884,40.112325],[-74.963895,40.112503],[-74.964019,40.113001],[-74.964138,40.113289],[-74.964154,40.113413],[-74.964138,40.113498],[-74.964087,40.113595],[-74.96393,40.113759],[-74.963802,40.113905],[-74.963661,40.11402],[-74.963537,40.114138],[-74.963407,40.114288],[-74.963342,40.114353],[-74.963197,40.114528],[-74.963108,40.114598],[-74.963092,40.114652],[-74.963167,40.114821],[-74.963208,40.114885],[-74.963264,40.115038],[-74.963414,40.115217],[-74.963395,40.115314],[-74.963318,40.115526],[-74.963248,40.115674],[-74.963213,40.115706],[-74.963137,40.115837],[-74.963116,40.11591],[-74.963143,40.116106],[-74.963159,40.116175],[-74.963146,40.116402],[-74.963176,40.116683],[-74.963307,40.116905],[-74.963444,40.117012],[-74.963736,40.117088],[-74.964117,40.117298],[-74.964207,40.117403],[-74.964292,40.117615],[-74.964314,40.117764],[-74.964339,40.117839],[-74.964489,40.11813],[-74.964495,40.118179],[-74.964489,40.118395],[-74.964629,40.118547],[-74.964837,40.118635],[-74.965132,40.118669],[-74.965262,40.118623],[-74.965432,40.118488],[-74.965774,40.118341],[-74.965921,40.11831],[-74.966385,40.118121],[-74.966681,40.118052],[-74.966768,40.118047],[-74.966951,40.118011],[-74.967124,40.117951],[-74.967237,40.117944],[-74.967388,40.117921],[-74.96746,40.117885],[-74.967518,40.117686],[-74.967734,40.117532],[-74.968126,40.117224],[-74.968441,40.117034],[-74.968687,40.116943],[-74.969204,40.116825],[-74.969327,40.116855],[-74.969412,40.116886],[-74.969516,40.116944],[-74.969658,40.117009],[-74.969815,40.117021],[-74.969918,40.116964],[-74.970084,40.116969],[-74.97018,40.117012],[-74.970247,40.117076],[-74.970348,40.117198],[-74.9704,40.117295],[-74.970507,40.117439],[-74.970633,40.117533],[-74.970752,40.117653],[-74.970844,40.11776],[-74.970916,40.11793],[-74.971143,40.118355],[-74.971233,40.118489],[-74.971364,40.118635],[-74.971711,40.118895],[-74.971852,40.119129],[-74.97188,40.11916],[-74.972057,40.119308],[-74.972241,40.119429],[-74.972418,40.119509],[-74.972507,40.11956],[-74.972567,40.119716],[-74.972587,40.119736],[-74.972774,40.119823],[-74.973112,40.119788],[-74.973609,40.119815],[-74.974077,40.119795],[-74.974229,40.119795],[-74.974445,40.11981],[-74.974538,40.119857],[-74.974694,40.120009],[-74.974974,40.120173],[-74.975228,40.120224],[-74.975568,40.12018],[-74.975681,40.120215],[-74.975734,40.120285],[-74.975741,40.120403],[-74.975906,40.120457],[-74.97595,40.120455],[-74.976046,40.120398],[-74.976058,40.120362],[-74.97603,40.120287],[-74.976056,40.120215],[-74.976138,40.12015],[-74.976343,40.120065],[-74.976546,40.119988],[-74.9768,40.119932],[-74.976931,40.119928],[-74.977054,40.119974],[-74.977248,40.120069],[-74.977519,40.120026],[-74.977535,40.119881],[-74.97755,40.119837],[-74.977631,40.119713],[-74.977765,40.119661],[-74.977977,40.119602],[-74.978267,40.119477],[-74.978368,40.119464],[-74.978605,40.119544],[-74.978692,40.11954],[-74.978934,40.119408],[-74.979134,40.119351],[-74.979311,40.119355],[-74.979601,40.119429],[-74.979701,40.119498],[-74.97975,40.119555],[-74.980293,40.120013],[-74.980429,40.120088],[-74.980871,40.120175],[-74.981054,40.120189],[-74.98136,40.120151],[-74.981613,40.120015],[-74.981684,40.119968],[-74.981835,40.119927],[-74.981993,40.119916],[-74.982166,40.119924],[-74.982373,40.11995],[-74.982459,40.119973],[-74.982584,40.120032],[-74.982662,40.120096],[-74.982716,40.120178],[-74.982923,40.12029],[-74.982972,40.120332],[-74.982999,40.120408],[-74.983035,40.120464],[-74.983065,40.120557],[-74.983079,40.120649],[-74.983074,40.120858],[-74.983044,40.120975],[-74.982976,40.121071],[-74.982932,40.121102],[-74.982755,40.121167],[-74.982646,40.121183],[-74.982455,40.121239],[-74.982414,40.121307],[-74.98238,40.121529],[-74.982243,40.121714],[-74.982205,40.121798],[-74.982255,40.121899],[-74.982326,40.121908],[-74.982389,40.121891],[-74.982449,40.121908],[-74.982507,40.121958],[-74.982667,40.122275],[-74.982707,40.122337],[-74.982758,40.122457],[-74.982739,40.122545],[-74.982629,40.122709],[-74.982602,40.122769],[-74.982589,40.122902],[-74.982599,40.122955],[-74.982683,40.123158],[-74.982824,40.123282],[-74.983385,40.123598],[-74.983469,40.123628],[-74.983723,40.123616],[-74.983806,40.123606],[-74.983977,40.123604],[-74.98408,40.123569],[-74.984254,40.123574],[-74.984325,40.123612],[-74.984373,40.123688],[-74.984391,40.123769],[-74.984551,40.123903],[-74.984713,40.123942],[-74.985,40.12391],[-74.985529,40.123612],[-74.985676,40.123491],[-74.986038,40.123257],[-74.986205,40.123163],[-74.986387,40.123073],[-74.986482,40.123042],[-74.986549,40.123066],[-74.986697,40.123195],[-74.986846,40.123335],[-74.987026,40.12347],[-74.98706,40.123489],[-74.987197,40.12352],[-74.987316,40.123594],[-74.987544,40.123798],[-74.987708,40.123905],[-74.987841,40.123949],[-74.988059,40.123967],[-74.988206,40.124019],[-74.988288,40.124093],[-74.988363,40.124181],[-74.988427,40.124338],[-74.988484,40.124574],[-74.988512,40.124722],[-74.988704,40.12512],[-74.988804,40.12532],[-74.989015,40.125488],[-74.989051,40.125547],[-74.989068,40.125643],[-74.988998,40.12577],[-74.988986,40.12583],[-74.989029,40.125968],[-74.989067,40.126121],[-74.989145,40.126164],[-74.989457,40.126224],[-74.989658,40.126242],[-74.990077,40.126239],[-74.990156,40.12623],[-74.990296,40.126238],[-74.99061,40.126301],[-74.990643,40.1263],[-74.991456,40.126143],[-74.992046,40.125995],[-74.992365,40.125941],[-74.992878,40.125914],[-74.993149,40.125946],[-74.993483,40.126007],[-74.993926,40.126056],[-74.994155,40.126097],[-74.99422,40.126122],[-74.994352,40.126227],[-74.994546,40.12669],[-74.994528,40.126961],[-74.994453,40.127197],[-74.994409,40.127286],[-74.994238,40.127508],[-74.994051,40.127661],[-74.993968,40.127706],[-74.993875,40.127783],[-74.99375,40.127932],[-74.993678,40.128104],[-74.993679,40.128211],[-74.993662,40.128391],[-74.993797,40.128469],[-74.993815,40.128538],[-74.993807,40.128613],[-74.993767,40.128642],[-74.993662,40.128762],[-74.993524,40.128783],[-74.993498,40.128807],[-74.993457,40.12892],[-74.993431,40.129072],[-74.993431,40.129278],[-74.993451,40.129436],[-74.993517,40.129571],[-74.993526,40.129638],[-74.993509,40.129669],[-74.993439,40.12971],[-74.993253,40.12975],[-74.993186,40.129772],[-74.993102,40.129902],[-74.993106,40.130101],[-74.993075,40.130172],[-74.993035,40.13021],[-74.992898,40.130233],[-74.992854,40.130263],[-74.992771,40.130455],[-74.992759,40.130498],[-74.992763,40.13062],[-74.992782,40.130734],[-74.992929,40.130963],[-74.993213,40.131328],[-74.99351,40.131624],[-74.993849,40.131863],[-74.994197,40.131518],[-74.997451,40.128259],[-74.997574,40.128128],[-74.997746,40.127966],[-74.997887,40.127826],[-74.998536,40.128206],[-74.999742,40.128915],[-75.000953,40.129619],[-75.003272,40.130976],[-75.006904,40.133089],[-75.009465,40.134579],[-75.010429,40.13516],[-75.01387,40.137267],[-75.014967,40.137935],[-75.017953,40.134857],[-75.020574,40.132284],[-75.025357,40.128898],[-75.025789,40.128579],[-75.031655,40.124513],[-75.038339,40.119879],[-75.039045,40.119366],[-75.044916,40.11527],[-75.050474,40.111392],[-75.052975,40.109646],[-75.058426,40.105832],[-75.065066,40.098966],[-75.071235,40.09258],[-75.077804,40.085779],[-75.081191,40.084126],[-75.083417,40.081963],[-75.086879,40.078615],[-75.086949,40.078669],[-75.08794,40.077607],[-75.089522,40.076104],[-75.094044,40.071641],[-75.09674,40.068989],[-75.093685,40.067211],[-75.087466,40.063593],[-75.087067,40.063372],[-75.086571,40.063099],[-75.085743,40.062604],[-75.084782,40.062053],[-75.083836,40.061482],[-75.083527,40.06128],[-75.0831,40.061028],[-75.08228,40.060556],[-75.081405,40.060041],[-75.080509,40.059537],[-75.079614,40.059003],[-75.078078,40.058113],[-75.077781,40.057935],[-75.076736,40.05736],[-75.075034,40.056368],[-75.074098,40.055828],[-75.073258,40.055339],[-75.071517,40.054351],[-75.071464,40.054299],[-75.069724,40.053294],[-75.068505,40.0526],[-75.067726,40.052155],[-75.066049,40.05119],[-75.065758,40.051017],[-75.065405,40.050818],[-75.065134,40.050674],[-75.064845,40.050503],[-75.064563,40.050348],[-75.063833,40.04994],[-75.06352,40.049774],[-75.06344,40.04976],[-75.062386,40.049157],[-75.061377,40.048595],[-75.059939,40.04776],[-75.058287,40.049697],[-75.058109,40.049876],[-75.057857,40.050155],[-75.057624,40.050419],[-75.057157,40.050963],[-75.05681,40.051338],[-75.056572,40.051617],[-75.056325,40.05192],[-75.056039,40.05225],[-75.054505,40.051396],[-75.054195,40.051697],[-75.053933,40.051993],[-75.053644,40.052282],[-75.053368,40.052594],[-75.052856,40.052466],[-75.05247,40.052381],[-75.051918,40.052254],[-75.05126,40.052084],[-75.05106,40.052039],[-75.051055,40.05206],[-75.050885,40.052443],[-75.050644,40.052845],[-75.050464,40.053088],[-75.050043,40.05354],[-75.049285,40.054282],[-75.046859,40.056747],[-75.046481,40.057141],[-75.045956,40.057605],[-75.044967,40.058513],[-75.044818,40.058674],[-75.04424,40.059412],[-75.044203,40.059486],[-75.042913,40.062417],[-75.042453,40.063482],[-75.040579,40.067661],[-75.04011,40.068711],[-75.039907,40.069057],[-75.039576,40.069574],[-75.039191,40.070042],[-75.038993,40.07029],[-75.038136,40.071173],[-75.037363,40.071961],[-75.036192,40.073206],[-75.036047,40.073337],[-75.034953,40.074468],[-75.033394,40.076102],[-75.032829,40.076674],[-75.030411,40.079186],[-75.028777,40.080874],[-75.028451,40.080687],[-75.02538,40.078953],[-75.023716,40.078004],[-75.021751,40.076965],[-75.017147,40.074352],[-75.015067,40.073188],[-75.01409,40.072652],[-75.013129,40.072081],[-75.007272,40.069171],[-75.002905,40.066691],[-75.000205,40.06516],[-74.999025,40.064489],[-74.994516,40.061923],[-74.994279,40.061791],[-74.993954,40.061637],[-74.993569,40.061502],[-74.993219,40.061405],[-74.992816,40.06134],[-74.992399,40.061278],[-74.991947,40.061176],[-74.991711,40.061105],[-74.991305,40.060934],[-74.991103,40.060833],[-74.990857,40.060669],[-74.990644,40.06051],[-74.990434,40.060405],[-74.988391,40.061641],[-74.987943,40.061922],[-74.987044,40.062463],[-74.985613,40.063326],[-74.98558,40.063355],[-74.984953,40.06367],[-74.984175,40.064085],[-74.983735,40.064269],[-74.983261,40.064425],[-74.982826,40.064558],[-74.982357,40.064682],[-74.981068,40.064939]]]},"properties":{"objectid":4,"district":"10","shape_leng":129145.536207,"district_num":10,"Shape__Area":105536311.14453125,"Shape__Length":51487.82556212041},"id":4},{"type":"Feature","geometry":{"type":"Polygon","coordinates":[[[-75.111372,39.994221],[-75.112722,39.993508],[-75.113573,39.994469],[-75.113761,39.994379],[-75.11406,39.994216],[-75.115488,39.993473],[-75.116517,39.992934],[-75.116298,39.992531],[-75.115859,39.99187],[-75.115128,39.990765],[-75.116122,39.990374],[-75.116673,39.990161],[-75.11717,39.989964],[-75.117203,39.990026],[-75.117759,39.990873],[-75.118608,39.991839],[-75.119334,39.992624],[-75.119697,39.993026],[-75.120312,39.992682],[-75.121554,39.992009],[-75.122562,39.991437],[-75.12369,39.990845],[-75.124362,39.990456],[-75.124523,39.990377],[-75.125494,39.989846],[-75.125966,39.989573],[-75.126437,39.989321],[-75.126889,39.989074],[-75.127366,39.988802],[-75.127946,39.988485],[-75.128506,39.988182],[-75.129644,39.987555],[-75.130224,39.987246],[-75.130797,39.986937],[-75.129907,39.985932],[-75.129108,39.985014],[-75.129066,39.98496],[-75.129634,39.984661],[-75.128781,39.9837],[-75.12798,39.982795],[-75.128556,39.982489],[-75.129737,39.981869],[-75.129368,39.981449],[-75.130559,39.980826],[-75.13019,39.980398],[-75.13072,39.980164],[-75.131216,39.979888],[-75.131746,39.979521],[-75.131779,39.979374],[-75.130451,39.978598],[-75.129512,39.978056],[-75.128631,39.977543],[-75.127571,39.976928],[-75.127404,39.976855],[-75.127071,39.976632],[-75.126544,39.976329],[-75.125302,39.975601],[-75.125205,39.975567],[-75.124323,39.975012],[-75.123393,39.974413],[-75.12269,39.973964],[-75.123907,39.972644],[-75.123988,39.972585],[-75.1244,39.973347],[-75.124836,39.973195],[-75.125292,39.97304],[-75.126385,39.972654],[-75.126142,39.972221],[-75.125902,39.971775],[-75.126652,39.971519],[-75.127105,39.97136],[-75.127719,39.97109],[-75.128429,39.970859],[-75.129436,39.970553],[-75.130455,39.970198],[-75.131111,39.969967],[-75.13178,39.969736],[-75.132557,39.96946],[-75.133702,39.969072],[-75.134431,39.968801],[-75.135145,39.968697],[-75.136226,39.968891],[-75.136793,39.968999],[-75.137766,39.969178],[-75.138008,39.969227],[-75.138592,39.969339],[-75.139581,39.969524],[-75.140668,39.969662],[-75.14152,39.969767],[-75.142372,39.969875],[-75.143097,39.969964],[-75.143238,39.969315],[-75.143728,39.966997],[-75.143764,39.966806],[-75.144004,39.965679],[-75.144324,39.964137],[-75.144405,39.963764],[-75.144513,39.963237],[-75.144688,39.962431],[-75.144729,39.962222],[-75.144966,39.961097],[-75.145772,39.961175],[-75.14656,39.961265],[-75.148188,39.961428],[-75.149812,39.961514],[-75.151346,39.961579],[-75.151785,39.961601],[-75.15293,39.961653],[-75.15376,39.961694],[-75.154515,39.96172],[-75.156118,39.961789],[-75.157568,39.961864],[-75.157709,39.961879],[-75.159289,39.962073],[-75.160501,39.962225],[-75.160687,39.962258],[-75.160862,39.962304],[-75.161062,39.962369],[-75.161386,39.962483],[-75.161383,39.962327],[-75.161415,39.962112],[-75.161479,39.961799],[-75.161649,39.961031],[-75.161775,39.960431],[-75.161963,39.95958],[-75.162178,39.958557],[-75.162296,39.958067],[-75.162365,39.957688],[-75.162691,39.956236],[-75.162889,39.955339],[-75.163096,39.954409],[-75.163195,39.953924],[-75.163331,39.953339],[-75.163206,39.953343],[-75.162382,39.953238],[-75.162442,39.952916],[-75.162546,39.95244],[-75.162591,39.952372],[-75.162609,39.952255],[-75.162721,39.951669],[-75.162879,39.951534],[-75.162984,39.951537],[-75.163519,39.9516],[-75.163645,39.951552],[-75.163711,39.951499],[-75.16386,39.950866],[-75.164026,39.950083],[-75.164195,39.949344],[-75.164442,39.948207],[-75.164713,39.94698],[-75.164775,39.946611],[-75.164999,39.945564],[-75.165332,39.944086],[-75.165423,39.943655],[-75.164375,39.943525],[-75.164133,39.943488],[-75.163357,39.943388],[-75.161786,39.943195],[-75.159781,39.942955],[-75.158633,39.94281],[-75.158832,39.94194],[-75.159034,39.940968],[-75.158662,39.940923],[-75.15825,39.940869],[-75.158468,39.939856],[-75.15812,39.939817],[-75.15769,39.939756],[-75.15785,39.938991],[-75.158635,39.9391],[-75.159419,39.93919],[-75.159799,39.939236],[-75.160217,39.939294],[-75.160922,39.939376],[-75.161026,39.938868],[-75.161131,39.938382],[-75.161231,39.937998],[-75.161401,39.937167],[-75.16304,39.937416],[-75.164611,39.937614],[-75.165994,39.937776],[-75.166715,39.937854],[-75.166865,39.937189],[-75.166957,39.936741],[-75.167171,39.935685],[-75.167519,39.934147],[-75.167771,39.932931],[-75.168053,39.931722],[-75.168322,39.93049],[-75.168693,39.928652],[-75.16883,39.928043],[-75.169098,39.926826],[-75.169365,39.9256],[-75.16963,39.924381],[-75.169883,39.923141],[-75.170182,39.921894],[-75.17045,39.920649],[-75.170713,39.919403],[-75.170987,39.918158],[-75.171132,39.917432],[-75.171274,39.916788],[-75.170636,39.916697],[-75.17021,39.916641],[-75.168909,39.91646],[-75.167685,39.916293],[-75.167262,39.916249],[-75.166916,39.916199],[-75.166561,39.916159],[-75.165573,39.916022],[-75.16523,39.915981],[-75.164533,39.915885],[-75.164802,39.914615],[-75.165084,39.913378],[-75.165486,39.91154],[-75.160873,39.910964],[-75.159741,39.910799],[-75.15919,39.910702],[-75.156628,39.910148],[-75.15452,39.909783],[-75.15188,39.909071],[-75.148861,39.908558],[-75.141585,39.907308],[-75.131209,39.905524],[-75.129694,39.905262],[-75.129651,39.905434],[-75.129398,39.906637],[-75.129286,39.907398],[-75.129233,39.908224],[-75.129199,39.90913],[-75.129241,39.910181],[-75.1293,39.911312],[-75.129385,39.912332],[-75.129516,39.913226],[-75.129701,39.914328],[-75.129991,39.915893],[-75.130188,39.916677],[-75.130443,39.917574],[-75.130759,39.918488],[-75.13138,39.920061],[-75.133571,39.924867],[-75.134009,39.925832],[-75.134426,39.926812],[-75.13518,39.928706],[-75.135458,39.929524],[-75.135725,39.930659],[-75.135874,39.931601],[-75.135931,39.932812],[-75.135949,39.933957],[-75.135716,39.939488],[-75.135698,39.941015],[-75.135765,39.941971],[-75.135862,39.942657],[-75.136027,39.943743],[-75.136229,39.94494],[-75.136318,39.945849],[-75.13629,39.946596],[-75.136173,39.947484],[-75.136039,39.948277],[-75.135743,39.949527],[-75.135321,39.950821],[-75.13488,39.952084],[-75.13454,39.95284],[-75.133824,39.954271],[-75.13227,39.957051],[-75.13154,39.958292],[-75.131082,39.958917],[-75.130497,39.959604],[-75.129832,39.960225],[-75.12909,39.960717],[-75.127777,39.96153],[-75.123369,39.963784],[-75.11945,39.965683],[-75.112889,39.968539],[-75.110514,39.969518],[-75.106757,39.970975],[-75.105078,39.971604],[-75.103173,39.972212],[-75.101354,39.972727],[-75.099183,39.973266],[-75.096076,39.973942],[-75.093833,39.974383],[-75.09782,39.978862],[-75.099645,39.980954],[-75.100597,39.981981],[-75.100821,39.982225],[-75.101014,39.98247],[-75.101441,39.982983],[-75.101731,39.983307],[-75.10194,39.983548],[-75.10222,39.983863],[-75.1025,39.984187],[-75.103002,39.98473],[-75.103368,39.985139],[-75.103727,39.985555],[-75.104049,39.985916],[-75.104368,39.986283],[-75.104719,39.98668],[-75.105483,39.987562],[-75.105918,39.988046],[-75.106328,39.988533],[-75.106751,39.98899],[-75.10705,39.989322],[-75.107342,39.989654],[-75.107732,39.990089],[-75.108017,39.99041],[-75.108316,39.990741],[-75.109343,39.991919],[-75.109712,39.992344],[-75.110262,39.992966],[-75.111372,39.994221]]]},"properties":{"objectid":5,"district":"1","shape_leng":107319.271435,"district_num":1,"Shape__Area":40172310.98046875,"Shape__Length":42704.277559340444},"id":5},{"type":"Feature","geometry":{"type":"Polygon","coordinates":[[[-75.16386,39.950866],[-75.164013,39.950886],[-75.165613,39.951079],[-75.167197,39.951273],[-75.16877,39.951477],[-75.168931,39.950708],[-75.169005,39.95038],[-75.169104,39.949952],[-75.16921,39.949401],[-75.169255,39.949184],[-75.169342,39.948813],[-75.170264,39.948923],[-75.170914,39.949003],[-75.171026,39.948552],[-75.172601,39.948739],[-75.173087,39.948809],[-75.172999,39.949263],[-75.174076,39.9494],[-75.173962,39.949884],[-75.173815,39.950541],[-75.173725,39.950983],[-75.173708,39.951039],[-75.173656,39.951299],[-75.173492,39.952062],[-75.17541,39.9523],[-75.176194,39.952396],[-75.177004,39.952503],[-75.176785,39.953518],[-75.176658,39.954017],[-75.177825,39.954168],[-75.179439,39.954385],[-75.180226,39.954482],[-75.180307,39.954316],[-75.18044,39.954063],[-75.180581,39.953813],[-75.180923,39.953219],[-75.181221,39.952686],[-75.181911,39.951466],[-75.182019,39.951267],[-75.182215,39.950874],[-75.182354,39.950615],[-75.182515,39.950368],[-75.182608,39.95025],[-75.182814,39.950024],[-75.183039,39.949806],[-75.183277,39.949596],[-75.183525,39.94939],[-75.183779,39.949189],[-75.184161,39.948891],[-75.184545,39.948596],[-75.185064,39.948207],[-75.185458,39.947919],[-75.185855,39.947634],[-75.186255,39.947351],[-75.186524,39.947165],[-75.18693,39.946888],[-75.187211,39.946712],[-75.1875,39.946544],[-75.18794,39.946297],[-75.188229,39.946129],[-75.188509,39.945954],[-75.188776,39.945767],[-75.189036,39.945573],[-75.189289,39.945374],[-75.189536,39.94517],[-75.19002,39.944755],[-75.190257,39.944544],[-75.190489,39.94433],[-75.191285,39.943571],[-75.191516,39.943357],[-75.191989,39.942931],[-75.192113,39.942828],[-75.192243,39.942732],[-75.192382,39.942645],[-75.19253,39.942568],[-75.192686,39.942497],[-75.192848,39.942433],[-75.193016,39.942375],[-75.193186,39.942323],[-75.193531,39.942238],[-75.193706,39.942209],[-75.193886,39.942187],[-75.194068,39.942172],[-75.194251,39.942165],[-75.194612,39.942169],[-75.194972,39.9422],[-75.195329,39.942253],[-75.19568,39.942321],[-75.196026,39.942404],[-75.196366,39.942502],[-75.196697,39.942615],[-75.196858,39.942678],[-75.197174,39.942814],[-75.19764,39.943029],[-75.197954,39.943168],[-75.198114,39.943233],[-75.198604,39.943415],[-75.198934,39.943533],[-75.199267,39.943645],[-75.199604,39.943749],[-75.199944,39.94384],[-75.200115,39.943881],[-75.20029,39.943915],[-75.200469,39.94394],[-75.200651,39.943958],[-75.200834,39.943968],[-75.201017,39.94397],[-75.201198,39.943964],[-75.201376,39.943952],[-75.201554,39.943933],[-75.201911,39.943876],[-75.202262,39.9438],[-75.202605,39.943707],[-75.202944,39.943605],[-75.203281,39.943491],[-75.203604,39.94336],[-75.203756,39.943285],[-75.2039,39.943204],[-75.204035,39.943116],[-75.204166,39.94302],[-75.204294,39.942918],[-75.204416,39.94281],[-75.20453,39.942697],[-75.204635,39.94258],[-75.20473,39.942459],[-75.204813,39.942335],[-75.204882,39.94221],[-75.204941,39.942081],[-75.205035,39.941815],[-75.205104,39.941541],[-75.205154,39.941261],[-75.205192,39.940979],[-75.205236,39.940561],[-75.205245,39.940422],[-75.205247,39.940144],[-75.205237,39.939865],[-75.205217,39.939446],[-75.205212,39.939168],[-75.205223,39.938192],[-75.205229,39.937913],[-75.205239,39.937634],[-75.205256,39.937356],[-75.20528,39.937079],[-75.205329,39.936662],[-75.20537,39.936382],[-75.205424,39.936104],[-75.205495,39.935829],[-75.20559,39.935562],[-75.205647,39.935432],[-75.205714,39.935305],[-75.20587,39.935057],[-75.206052,39.934815],[-75.206248,39.934578],[-75.206549,39.934225],[-75.206839,39.933872],[-75.207233,39.933404],[-75.207932,39.932591],[-75.208327,39.932124],[-75.208521,39.931889],[-75.20919,39.931061],[-75.209569,39.930586],[-75.209943,39.930109],[-75.210309,39.929629],[-75.210489,39.929387],[-75.210841,39.9289],[-75.211014,39.928655],[-75.211184,39.928408],[-75.211348,39.928159],[-75.211505,39.927907],[-75.211654,39.927653],[-75.211791,39.927397],[-75.211916,39.927136],[-75.212024,39.926871],[-75.212118,39.926601],[-75.212199,39.926328],[-75.212269,39.926053],[-75.21233,39.925779],[-75.212384,39.925503],[-75.21243,39.925225],[-75.212465,39.924945],[-75.212485,39.924666],[-75.212485,39.924388],[-75.212462,39.924113],[-75.212439,39.923975],[-75.212406,39.923838],[-75.212317,39.923564],[-75.212202,39.923297],[-75.212067,39.923039],[-75.21199,39.922914],[-75.211818,39.922669],[-75.211624,39.922431],[-75.211415,39.922201],[-75.211196,39.92198],[-75.210961,39.921765],[-75.210834,39.921663],[-75.210702,39.921566],[-75.210564,39.921476],[-75.210419,39.921394],[-75.210268,39.921321],[-75.209949,39.921191],[-75.209612,39.921081],[-75.209267,39.920989],[-75.208919,39.920914],[-75.208564,39.920854],[-75.208203,39.920813],[-75.208021,39.920801],[-75.20784,39.920796],[-75.207481,39.920806],[-75.207122,39.920831],[-75.206763,39.920866],[-75.206404,39.920908],[-75.205866,39.920974],[-75.205507,39.921016],[-75.205148,39.92105],[-75.204789,39.921074],[-75.204423,39.921082],[-75.204239,39.921077],[-75.204056,39.921065],[-75.203876,39.921044],[-75.203702,39.921013],[-75.203533,39.920971],[-75.203367,39.920918],[-75.203202,39.920856],[-75.203042,39.920784],[-75.202889,39.920705],[-75.202744,39.920618],[-75.20261,39.920526],[-75.202485,39.920428],[-75.202366,39.920323],[-75.202252,39.920212],[-75.202146,39.920096],[-75.202046,39.919976],[-75.20187,39.919732],[-75.201796,39.919608],[-75.201755,39.919473],[-75.201745,39.91933],[-75.201755,39.919188],[-75.201778,39.91905],[-75.201812,39.918914],[-75.201855,39.918778],[-75.201962,39.91851],[-75.202087,39.918249],[-75.202223,39.917991],[-75.202365,39.917734],[-75.202582,39.917351],[-75.202793,39.916966],[-75.20306,39.916448],[-75.203324,39.915929],[-75.203915,39.914761],[-75.204857,39.913062],[-75.205014,39.912839],[-75.216251,39.917247],[-75.216407,39.917323],[-75.222775,39.919928],[-75.223385,39.919059],[-75.223802,39.918459],[-75.224212,39.917841],[-75.225806,39.918491],[-75.225896,39.918509],[-75.225455,39.91914],[-75.225057,39.919739],[-75.225188,39.919791],[-75.225404,39.919967],[-75.22664,39.919095],[-75.226844,39.919265],[-75.227046,39.919442],[-75.227001,39.91949],[-75.225809,39.920322],[-75.226799,39.921135],[-75.227002,39.92132],[-75.227695,39.921899],[-75.226321,39.922877],[-75.224953,39.923847],[-75.224443,39.924198],[-75.223962,39.924523],[-75.223454,39.9249],[-75.223418,39.924974],[-75.223064,39.92524],[-75.222554,39.9256],[-75.222138,39.925878],[-75.221729,39.925088],[-75.221576,39.924765],[-75.221535,39.924823],[-75.221341,39.925127],[-75.220297,39.926669],[-75.219698,39.927521],[-75.219366,39.928044],[-75.218802,39.928877],[-75.218463,39.929373],[-75.217417,39.930855],[-75.216886,39.931635],[-75.216264,39.93249],[-75.215861,39.933075],[-75.223305,39.931325],[-75.224596,39.93242],[-75.223728,39.933041],[-75.223222,39.933399],[-75.224492,39.934444],[-75.225889,39.935635],[-75.22716,39.93671],[-75.228361,39.93771],[-75.228845,39.937368],[-75.229729,39.936752],[-75.231099,39.935782],[-75.232726,39.934647],[-75.233073,39.934441],[-75.233169,39.934412],[-75.233418,39.93436],[-75.233579,39.934338],[-75.233697,39.934333],[-75.233864,39.934354],[-75.234143,39.934421],[-75.234533,39.934602],[-75.234585,39.93465],[-75.234878,39.934821],[-75.235252,39.935006],[-75.2361,39.935465],[-75.236255,39.93537],[-75.236331,39.935282],[-75.236396,39.935174],[-75.236526,39.93469],[-75.236654,39.934141],[-75.236661,39.934056],[-75.236647,39.933837],[-75.236637,39.933815],[-75.236638,39.933683],[-75.236659,39.933555],[-75.236697,39.933436],[-75.236792,39.933266],[-75.237015,39.932932],[-75.237219,39.932702],[-75.237438,39.932565],[-75.237511,39.932536],[-75.237655,39.9325],[-75.237852,39.932501],[-75.238277,39.932598],[-75.23846,39.932631],[-75.23863,39.932703],[-75.238857,39.932832],[-75.239252,39.933114],[-75.239437,39.933224],[-75.239813,39.933394],[-75.240017,39.933447],[-75.240246,39.93353],[-75.240518,39.933597],[-75.240762,39.933626],[-75.241004,39.933611],[-75.24156,39.933521],[-75.241891,39.933481],[-75.242127,39.933378],[-75.242238,39.933249],[-75.242353,39.933049],[-75.242528,39.932857],[-75.242598,39.932757],[-75.242679,39.93267],[-75.242937,39.932281],[-75.243106,39.932073],[-75.243237,39.931995],[-75.243373,39.931868],[-75.243408,39.931787],[-75.243413,39.931699],[-75.243436,39.931577],[-75.243607,39.931087],[-75.243638,39.930919],[-75.243736,39.930792],[-75.24387,39.930704],[-75.243941,39.930672],[-75.244236,39.930516],[-75.244383,39.930408],[-75.24443,39.930297],[-75.24437,39.930093],[-75.244327,39.930029],[-75.244204,39.929943],[-75.244007,39.929816],[-75.243969,39.929708],[-75.243966,39.92934],[-75.243933,39.929219],[-75.243921,39.929093],[-75.243944,39.9289],[-75.243958,39.928648],[-75.24398,39.928565],[-75.244003,39.928373],[-75.244057,39.928158],[-75.244123,39.928018],[-75.24426,39.927822],[-75.244477,39.927441],[-75.244547,39.927252],[-75.244585,39.927108],[-75.244587,39.926943],[-75.244559,39.926787],[-75.244472,39.92665],[-75.244377,39.926559],[-75.244301,39.926463],[-75.24428,39.926371],[-75.244324,39.926243],[-75.244387,39.92618],[-75.244403,39.926144],[-75.244628,39.926012],[-75.244994,39.925851],[-75.245206,39.925547],[-75.245267,39.925424],[-75.245441,39.925174],[-75.245728,39.924832],[-75.245993,39.924368],[-75.246107,39.923993],[-75.24613,39.923858],[-75.246132,39.923653],[-75.246141,39.923555],[-75.24619,39.923314],[-75.246242,39.923224],[-75.246335,39.923093],[-75.246496,39.922929],[-75.246555,39.922859],[-75.246785,39.922637],[-75.246922,39.92252],[-75.247292,39.922177],[-75.247394,39.922056],[-75.247482,39.921845],[-75.247459,39.921561],[-75.24747,39.921409],[-75.247463,39.921353],[-75.247465,39.920871],[-75.24745,39.920742],[-75.24745,39.920606],[-75.247465,39.920348],[-75.247519,39.920084],[-75.247583,39.919942],[-75.247597,39.919883],[-75.247621,39.919707],[-75.247617,39.919541],[-75.247563,39.919399],[-75.247417,39.919105],[-75.247353,39.918955],[-75.247336,39.91882],[-75.247359,39.91802],[-75.247341,39.917811],[-75.24732,39.917694],[-75.247241,39.917412],[-75.247174,39.917246],[-75.247178,39.917213],[-75.247092,39.917108],[-75.246968,39.917],[-75.246929,39.916858],[-75.24686,39.916651],[-75.246789,39.916458],[-75.246755,39.916242],[-75.246844,39.916097],[-75.24705,39.915871],[-75.247086,39.91579],[-75.247126,39.915748],[-75.24719,39.915641],[-75.247488,39.915223],[-75.247712,39.914856],[-75.247708,39.914731],[-75.247562,39.914612],[-75.247495,39.914571],[-75.247429,39.914509],[-75.247337,39.914325],[-75.247297,39.914262],[-75.247216,39.914167],[-75.247105,39.914062],[-75.247064,39.913974],[-75.247058,39.913887],[-75.247071,39.913788],[-75.247202,39.913588],[-75.247302,39.913551],[-75.247342,39.913522],[-75.247471,39.913476],[-75.247587,39.913414],[-75.247834,39.913298],[-75.248213,39.913093],[-75.248379,39.91295],[-75.248503,39.912752],[-75.248529,39.912669],[-75.248577,39.912583],[-75.248687,39.912322],[-75.248765,39.912003],[-75.248854,39.911869],[-75.248985,39.911772],[-75.249335,39.911577],[-75.249882,39.911334],[-75.2502,39.911222],[-75.250401,39.911072],[-75.250615,39.910801],[-75.250872,39.910565],[-75.251238,39.910146],[-75.251286,39.909944],[-75.251274,39.909891],[-75.251157,39.909778],[-75.250868,39.909662],[-75.250732,39.909618],[-75.250596,39.909588],[-75.250425,39.909569],[-75.250248,39.909543],[-75.250112,39.909513],[-75.250036,39.909479],[-75.249948,39.909415],[-75.249896,39.909346],[-75.249888,39.909296],[-75.249911,39.909217],[-75.249986,39.909041],[-75.25003,39.90898],[-75.250118,39.908733],[-75.25019,39.908474],[-75.250187,39.908071],[-75.250225,39.907819],[-75.250319,39.907636],[-75.250506,39.907499],[-75.250716,39.907374],[-75.251305,39.907039],[-75.25139,39.90698],[-75.251602,39.906848],[-75.251688,39.906778],[-75.251757,39.906751],[-75.251993,39.906694],[-75.252424,39.906643],[-75.253003,39.906099],[-75.253492,39.905597],[-75.251291,39.904413],[-75.252004,39.903605],[-75.255614,39.899468],[-75.255505,39.89935],[-75.255417,39.899285],[-75.255289,39.899135],[-75.255236,39.899058],[-75.255119,39.898864],[-75.255098,39.898661],[-75.255228,39.898501],[-75.255331,39.898431],[-75.255509,39.898192],[-75.25562,39.897953],[-75.255807,39.897732],[-75.256093,39.8973],[-75.256452,39.896852],[-75.256503,39.896752],[-75.256631,39.896614],[-75.25678,39.896443],[-75.256958,39.89628],[-75.257196,39.896092],[-75.257343,39.895853],[-75.257388,39.895736],[-75.257298,39.895606],[-75.257202,39.895524],[-75.256903,39.89537],[-75.256771,39.895223],[-75.256684,39.895043],[-75.256652,39.894963],[-75.256668,39.894861],[-75.256745,39.894739],[-75.256912,39.894552],[-75.257436,39.894018],[-75.257672,39.893742],[-75.257836,39.893571],[-75.257903,39.893467],[-75.258167,39.893225],[-75.258389,39.892993],[-75.258571,39.892817],[-75.258928,39.892562],[-75.259014,39.892465],[-75.259237,39.892402],[-75.259527,39.892349],[-75.259773,39.892355],[-75.260041,39.892321],[-75.260305,39.892252],[-75.260563,39.892206],[-75.260838,39.892125],[-75.261231,39.892035],[-75.261315,39.892],[-75.261444,39.891968],[-75.261566,39.891911],[-75.261716,39.891804],[-75.261747,39.891758],[-75.261855,39.891467],[-75.261902,39.891235],[-75.261928,39.891164],[-75.262038,39.890706],[-75.262105,39.89046],[-75.262123,39.890145],[-75.262121,39.890065],[-75.26209,39.889684],[-75.262057,39.889396],[-75.262044,39.889198],[-75.262057,39.888977],[-75.262124,39.888816],[-75.262223,39.888657],[-75.262283,39.888539],[-75.262515,39.888378],[-75.262675,39.88835],[-75.262778,39.888382],[-75.262955,39.888408],[-75.263091,39.888435],[-75.263378,39.888469],[-75.263728,39.888494],[-75.263998,39.888477],[-75.264263,39.888421],[-75.264451,39.888339],[-75.26456,39.888256],[-75.264655,39.888167],[-75.264879,39.887929],[-75.265054,39.887622],[-75.265081,39.887533],[-75.265118,39.88735],[-75.265095,39.887142],[-75.26505,39.886959],[-75.26498,39.886791],[-75.264828,39.8866],[-75.264718,39.886413],[-75.264285,39.886201],[-75.263983,39.886105],[-75.263686,39.886153],[-75.262806,39.886091],[-75.262685,39.886034],[-75.262619,39.885813],[-75.262731,39.885562],[-75.263155,39.885309],[-75.264229,39.88501],[-75.26464,39.884742],[-75.264446,39.884323],[-75.264136,39.884142],[-75.262434,39.883642],[-75.261967,39.883248],[-75.261887,39.883077],[-75.261947,39.882897],[-75.262265,39.88258],[-75.263084,39.882364],[-75.2643,39.88225],[-75.264547,39.882122],[-75.265114,39.881665],[-75.265005,39.880991],[-75.264834,39.880655],[-75.262532,39.876571],[-75.252259,39.875947],[-75.248433,39.876495],[-75.246737,39.875078],[-75.242697,39.873031],[-75.242292,39.872818],[-75.241749,39.872595],[-75.240935,39.872414],[-75.240474,39.872391],[-75.240104,39.872607],[-75.240107,39.872868],[-75.240102,39.873039],[-75.239406,39.873309],[-75.239174,39.873618],[-75.238996,39.873846],[-75.238692,39.873968],[-75.238379,39.874311],[-75.238328,39.874372],[-75.238113,39.874602],[-75.237463,39.874813],[-75.237593,39.874991],[-75.237502,39.87509],[-75.236935,39.875126],[-75.236716,39.875623],[-75.236372,39.876197],[-75.235799,39.876588],[-75.235541,39.876761],[-75.235027,39.876974],[-75.234124,39.87719],[-75.233958,39.877187],[-75.233273,39.877164],[-75.232817,39.87712],[-75.231872,39.877019],[-75.229988,39.876856],[-75.228473,39.87664],[-75.227121,39.876445],[-75.226847,39.876412],[-75.225954,39.876276],[-75.223768,39.875867],[-75.222701,39.875739],[-75.222086,39.875684],[-75.219773,39.875489],[-75.219624,39.875512],[-75.218923,39.875679],[-75.218036,39.875692],[-75.217016,39.875816],[-75.215744,39.876109],[-75.215725,39.876096],[-75.21604,39.871124],[-75.211987,39.867481],[-75.207948,39.870291],[-75.207314,39.870675],[-75.206659,39.87109],[-75.205098,39.871978],[-75.20299,39.873124],[-75.202104,39.873629],[-75.200651,39.874408],[-75.19943,39.875017],[-75.198187,39.87569],[-75.197009,39.876268],[-75.195429,39.877108],[-75.194231,39.877669],[-75.190137,39.879471],[-75.188981,39.880002],[-75.188332,39.880242],[-75.187663,39.880466],[-75.187037,39.880643],[-75.186268,39.880784],[-75.185418,39.880861],[-75.184569,39.880921],[-75.179289,39.880771],[-75.178235,39.880811],[-75.176889,39.880908],[-75.175047,39.881026],[-75.173368,39.881179],[-75.172146,39.881295],[-75.169657,39.881589],[-75.166997,39.882038],[-75.164189,39.882579],[-75.162173,39.882915],[-75.159973,39.8832],[-75.157633,39.883385],[-75.155119,39.883564],[-75.152374,39.88376],[-75.149249,39.883943],[-75.146166,39.884112],[-75.144608,39.884347],[-75.143308,39.884858],[-75.142345,39.885218],[-75.141119,39.885938],[-75.140391,39.886621],[-75.139556,39.887382],[-75.137732,39.889185],[-75.136892,39.890089],[-75.136288,39.890759],[-75.135855,39.891274],[-75.135523,39.891855],[-75.133205,39.896272],[-75.131757,39.899548],[-75.131234,39.900793],[-75.13041,39.902874],[-75.130129,39.903743],[-75.129847,39.904643],[-75.129694,39.905262],[-75.131209,39.905524],[-75.141585,39.907308],[-75.148861,39.908558],[-75.15188,39.909071],[-75.15452,39.909783],[-75.156628,39.910148],[-75.15919,39.910702],[-75.159741,39.910799],[-75.160873,39.910964],[-75.165486,39.91154],[-75.165084,39.913378],[-75.164802,39.914615],[-75.164533,39.915885],[-75.16523,39.915981],[-75.165573,39.916022],[-75.166561,39.916159],[-75.166916,39.916199],[-75.167262,39.916249],[-75.167685,39.916293],[-75.168909,39.91646],[-75.17021,39.916641],[-75.170636,39.916697],[-75.171274,39.916788],[-75.171132,39.917432],[-75.170987,39.918158],[-75.170713,39.919403],[-75.17045,39.920649],[-75.170182,39.921894],[-75.169883,39.923141],[-75.16963,39.924381],[-75.169365,39.9256],[-75.169098,39.926826],[-75.16883,39.928043],[-75.168693,39.928652],[-75.168322,39.93049],[-75.168053,39.931722],[-75.167771,39.932931],[-75.167519,39.934147],[-75.167171,39.935685],[-75.166957,39.936741],[-75.166865,39.937189],[-75.166715,39.937854],[-75.165994,39.937776],[-75.164611,39.937614],[-75.16304,39.937416],[-75.161401,39.937167],[-75.161231,39.937998],[-75.161131,39.938382],[-75.161026,39.938868],[-75.160922,39.939376],[-75.160217,39.939294],[-75.159799,39.939236],[-75.159419,39.93919],[-75.158635,39.9391],[-75.15785,39.938991],[-75.15769,39.939756],[-75.15812,39.939817],[-75.158468,39.939856],[-75.15825,39.940869],[-75.158662,39.940923],[-75.159034,39.940968],[-75.158832,39.94194],[-75.158633,39.94281],[-75.159781,39.942955],[-75.161786,39.943195],[-75.163357,39.943388],[-75.164133,39.943488],[-75.164375,39.943525],[-75.165423,39.943655],[-75.165332,39.944086],[-75.164999,39.945564],[-75.164775,39.946611],[-75.164713,39.94698],[-75.164442,39.948207],[-75.164195,39.949344],[-75.164026,39.950083],[-75.16386,39.950866]]]},"properties":{"objectid":6,"district":"2","shape_leng":163242.84204000002,"district_num":2,"Shape__Area":98669329.42578125,"Shape__Length":64896.88339079028},"id":6},{"type":"Feature","geometry":{"type":"Polygon","coordinates":[[[-75.17077,39.996045],[-75.170423,39.997628],[-75.169757,40.000631],[-75.16968,40.001057],[-75.169618,40.001319],[-75.169541,40.001692],[-75.169442,40.00211],[-75.169096,40.003681],[-75.168945,40.00367],[-75.169422,40.004313],[-75.169507,40.004408],[-75.170816,40.006179],[-75.171499,40.007079],[-75.171787,40.007433],[-75.172212,40.007908],[-75.170359,40.008416],[-75.169745,40.008595],[-75.169252,40.008779],[-75.169023,40.008911],[-75.167947,40.009388],[-75.166874,40.009911],[-75.167444,40.010626],[-75.167642,40.010914],[-75.167816,40.011144],[-75.169049,40.012772],[-75.169116,40.01289],[-75.169177,40.013055],[-75.169877,40.01514],[-75.16991,40.015259],[-75.170099,40.015732],[-75.172208,40.017503],[-75.17256,40.017789],[-75.172963,40.018126],[-75.17325,40.018421],[-75.174965,40.019901],[-75.176863,40.021511],[-75.178143,40.022604],[-75.179036,40.023338],[-75.179846,40.024095],[-75.18167,40.025666],[-75.182127,40.026055],[-75.182935,40.026754],[-75.183546,40.027275],[-75.184171,40.027795],[-75.184236,40.027866],[-75.184758,40.028295],[-75.185467,40.028885],[-75.186196,40.029478],[-75.18738,40.030432],[-75.187779,40.030781],[-75.188533,40.031467],[-75.189066,40.031914],[-75.189795,40.032548],[-75.190434,40.033061],[-75.191903,40.034321],[-75.192729,40.03503],[-75.193129,40.035391],[-75.193292,40.035529],[-75.193984,40.036108],[-75.194988,40.036932],[-75.195916,40.037742],[-75.19613,40.037933],[-75.197998,40.039478],[-75.198931,40.040292],[-75.19978,40.041008],[-75.200302,40.041424],[-75.200768,40.041836],[-75.201435,40.042414],[-75.203999,40.044563],[-75.204093,40.044629],[-75.205894,40.046132],[-75.207007,40.047073],[-75.206635,40.047427],[-75.207143,40.047446],[-75.207681,40.047506],[-75.207911,40.047514],[-75.208057,40.0475],[-75.208334,40.047452],[-75.208652,40.047357],[-75.209207,40.04717],[-75.209625,40.047057],[-75.209739,40.047035],[-75.209835,40.047044],[-75.209925,40.047065],[-75.209988,40.047098],[-75.21006,40.047191],[-75.210144,40.047417],[-75.210214,40.047588],[-75.210274,40.047698],[-75.210339,40.047782],[-75.210444,40.047869],[-75.210521,40.04791],[-75.210694,40.048024],[-75.210901,40.048201],[-75.211052,40.048312],[-75.211346,40.048541],[-75.211522,40.048628],[-75.211615,40.048657],[-75.21182,40.048692],[-75.212005,40.048734],[-75.212076,40.048766],[-75.212313,40.048916],[-75.212412,40.049007],[-75.212486,40.049088],[-75.212562,40.049152],[-75.212683,40.04923],[-75.212791,40.049283],[-75.21293,40.049312],[-75.213126,40.049285],[-75.213737,40.049141],[-75.213803,40.049242],[-75.213833,40.049398],[-75.213992,40.049764],[-75.214206,40.050142],[-75.214446,40.050623],[-75.214644,40.050884],[-75.2148,40.051059],[-75.215031,40.051231],[-75.215228,40.051407],[-75.215338,40.051581],[-75.215475,40.051701],[-75.215841,40.051935],[-75.216024,40.052048],[-75.216192,40.052176],[-75.216525,40.052347],[-75.216684,40.05244],[-75.216837,40.052552],[-75.217086,40.052803],[-75.217191,40.052977],[-75.217279,40.053181],[-75.217349,40.053366],[-75.217448,40.053563],[-75.217506,40.053755],[-75.217573,40.054006],[-75.217648,40.054315],[-75.217708,40.054604],[-75.217781,40.05482],[-75.217795,40.054972],[-75.217799,40.055132],[-75.217787,40.055326],[-75.217792,40.055471],[-75.217813,40.055596],[-75.217858,40.055737],[-75.217884,40.055854],[-75.217895,40.055979],[-75.218103,40.056365],[-75.218194,40.056519],[-75.218316,40.056627],[-75.218364,40.056718],[-75.218437,40.056786],[-75.218524,40.0569],[-75.21853,40.05701],[-75.218623,40.057113],[-75.218868,40.057325],[-75.219001,40.057417],[-75.219119,40.057529],[-75.21918,40.057655],[-75.219312,40.057778],[-75.219476,40.057868],[-75.219584,40.057967],[-75.219665,40.058094],[-75.219861,40.058414],[-75.219942,40.058563],[-75.220082,40.058878],[-75.220168,40.059016],[-75.220239,40.059146],[-75.220333,40.059343],[-75.220583,40.059726],[-75.220713,40.059896],[-75.220886,40.060017],[-75.221007,40.060039],[-75.221064,40.06013],[-75.22125,40.060306],[-75.221421,40.060492],[-75.221556,40.060678],[-75.221646,40.060832],[-75.22174,40.061044],[-75.221821,40.061299],[-75.221904,40.061535],[-75.221993,40.061724],[-75.222072,40.061916],[-75.222144,40.062039],[-75.222133,40.06219],[-75.222245,40.062446],[-75.22268,40.063016],[-75.222821,40.063183],[-75.223027,40.063343],[-75.223194,40.06351],[-75.223325,40.063657],[-75.223528,40.063911],[-75.223569,40.064052],[-75.223554,40.064172],[-75.223548,40.064344],[-75.223467,40.064459],[-75.223295,40.064595],[-75.223111,40.064649],[-75.222879,40.064734],[-75.222526,40.064827],[-75.222316,40.064901],[-75.222063,40.06502],[-75.221748,40.065161],[-75.221525,40.065304],[-75.221282,40.065439],[-75.221084,40.06559],[-75.220891,40.065718],[-75.22078,40.065837],[-75.220665,40.065935],[-75.220445,40.066145],[-75.22038,40.066252],[-75.220365,40.066388],[-75.220382,40.066595],[-75.220427,40.06674],[-75.220502,40.066929],[-75.220515,40.06712],[-75.220539,40.067284],[-75.220708,40.067517],[-75.220913,40.067732],[-75.221157,40.067975],[-75.221362,40.06819],[-75.221413,40.068304],[-75.221511,40.068407],[-75.22169,40.068489],[-75.221857,40.068625],[-75.22202,40.068749],[-75.222172,40.068901],[-75.222283,40.069032],[-75.222397,40.06912],[-75.222499,40.069235],[-75.222551,40.06933],[-75.222634,40.069417],[-75.222777,40.069518],[-75.22289,40.069617],[-75.223007,40.069737],[-75.223268,40.069941],[-75.223407,40.070038],[-75.223575,40.070139],[-75.223748,40.070259],[-75.223926,40.070376],[-75.224079,40.070493],[-75.224385,40.070717],[-75.224564,40.070819],[-75.224732,40.070924],[-75.224889,40.071052],[-75.225057,40.071172],[-75.225175,40.071276],[-75.225302,40.071399],[-75.225471,40.071501],[-75.225584,40.071604],[-75.225604,40.071725],[-75.225603,40.071901],[-75.22553,40.072102],[-75.22544,40.072185],[-75.22537,40.072312],[-75.225279,40.072431],[-75.225112,40.072552],[-75.224941,40.072657],[-75.224559,40.07284],[-75.224383,40.072937],[-75.223971,40.073123],[-75.22381,40.07322],[-75.223664,40.073326],[-75.223461,40.073462],[-75.22331,40.073583],[-75.223198,40.073733],[-75.223111,40.07389],[-75.223038,40.074091],[-75.223005,40.074277],[-75.223023,40.074488],[-75.223092,40.074665],[-75.223226,40.074894],[-75.223363,40.075142],[-75.223514,40.075578],[-75.22362,40.07574],[-75.223686,40.075873],[-75.223707,40.075991],[-75.223892,40.076318],[-75.224007,40.076507],[-75.224273,40.076864],[-75.224367,40.077041],[-75.224545,40.07745],[-75.224623,40.077654],[-75.224723,40.077839],[-75.224788,40.078004],[-75.224822,40.078176],[-75.224936,40.078378],[-75.225191,40.078772],[-75.225483,40.079207],[-75.225564,40.079353],[-75.225813,40.079733],[-75.225879,40.079862],[-75.225954,40.080035],[-75.226005,40.080173],[-75.226106,40.080304],[-75.226241,40.080505],[-75.226401,40.080696],[-75.226587,40.080871],[-75.226967,40.081148],[-75.227118,40.081327],[-75.227281,40.081431],[-75.227572,40.081648],[-75.227776,40.081766],[-75.227985,40.081867],[-75.228174,40.081946],[-75.228508,40.08212],[-75.228863,40.082241],[-75.229043,40.082315],[-75.229223,40.082381],[-75.229382,40.082467],[-75.229525,40.082559],[-75.229806,40.082651],[-75.230017,40.082706],[-75.2302,40.082691],[-75.230362,40.082687],[-75.230685,40.082733],[-75.230866,40.082768],[-75.231052,40.082815],[-75.231142,40.082856],[-75.231204,40.082951],[-75.231221,40.083037],[-75.231222,40.083165],[-75.231183,40.083246],[-75.231025,40.083394],[-75.230905,40.083485],[-75.230766,40.083545],[-75.230283,40.083717],[-75.22994,40.083818],[-75.22952,40.083926],[-75.229342,40.083957],[-75.229138,40.083968],[-75.228745,40.084041],[-75.228541,40.084076],[-75.228407,40.084139],[-75.228242,40.084206],[-75.228102,40.084308],[-75.227987,40.084364],[-75.228602,40.084884],[-75.230562,40.086068],[-75.243069,40.073714],[-75.24346,40.073344],[-75.263521,40.054881],[-75.263871,40.054559],[-75.264508,40.054043],[-75.26373,40.053322],[-75.263307,40.052927],[-75.262689,40.052346],[-75.262494,40.05216],[-75.262276,40.051945],[-75.26209,40.051754],[-75.26151,40.051149],[-75.261263,40.050898],[-75.260415,40.050074],[-75.259967,40.049649],[-75.259301,40.049055],[-75.258603,40.048493],[-75.25799,40.04803],[-75.257674,40.047798],[-75.256932,40.047258],[-75.256356,40.046832],[-75.25585,40.046524],[-75.254624,40.045789],[-75.254205,40.045536],[-75.253823,40.045302],[-75.253275,40.044955],[-75.252836,40.044667],[-75.25247,40.04442],[-75.25194,40.044055],[-75.251514,40.043756],[-75.250866,40.043288],[-75.250546,40.043051],[-75.250071,40.042692],[-75.249821,40.042498],[-75.249296,40.042083],[-75.249055,40.041882],[-75.248817,40.041678],[-75.248557,40.041443],[-75.24836,40.041257],[-75.248077,40.040974],[-75.24783,40.040709],[-75.247656,40.040513],[-75.247502,40.040307],[-75.247353,40.04006],[-75.247117,40.039614],[-75.246914,40.039278],[-75.246246,40.038335],[-75.245863,40.037875],[-75.245567,40.03759],[-75.245374,40.037448],[-75.244934,40.037225],[-75.244375,40.036994],[-75.244144,40.036888],[-75.243627,40.036622],[-75.243187,40.036389],[-75.2429,40.036229],[-75.24262,40.036062],[-75.242382,40.035909],[-75.242117,40.035725],[-75.241864,40.035532],[-75.24163,40.035327],[-75.241495,40.035192],[-75.241394,40.035081],[-75.241181,40.03482],[-75.240858,40.034402],[-75.240667,40.034174],[-75.240404,40.033909],[-75.240108,40.033667],[-75.23986,40.033489],[-75.239233,40.033069],[-75.238181,40.032352],[-75.237366,40.031807],[-75.236589,40.031298],[-75.23621,40.031062],[-75.235545,40.030661],[-75.235232,40.030469],[-75.234959,40.030296],[-75.234625,40.030072],[-75.23443,40.029932],[-75.234152,40.029713],[-75.233828,40.029432],[-75.233251,40.028911],[-75.232764,40.028514],[-75.232227,40.028149],[-75.231713,40.027845],[-75.231157,40.027548],[-75.23075,40.027355],[-75.230048,40.027046],[-75.229741,40.026908],[-75.229514,40.026801],[-75.228841,40.02647],[-75.228082,40.026085],[-75.227331,40.025689],[-75.226605,40.025296],[-75.225941,40.024929],[-75.223806,40.023746],[-75.223531,40.023573],[-75.223274,40.023383],[-75.222837,40.023036],[-75.222485,40.022777],[-75.222175,40.022592],[-75.221977,40.022526],[-75.221447,40.022433],[-75.220593,40.022236],[-75.220257,40.022149],[-75.220052,40.022086],[-75.219891,40.022031],[-75.219734,40.021968],[-75.219505,40.021862],[-75.219357,40.021785],[-75.219073,40.021618],[-75.218736,40.021398],[-75.218405,40.021171],[-75.217983,40.020868],[-75.217441,40.020463],[-75.216555,40.019791],[-75.216307,40.019594],[-75.216096,40.019419],[-75.215864,40.019213],[-75.215743,40.019099],[-75.215564,40.018919],[-75.215331,40.01867],[-75.215131,40.018445],[-75.214959,40.018246],[-75.214303,40.017468],[-75.214025,40.017153],[-75.21328,40.016364],[-75.212749,40.015851],[-75.21238,40.015539],[-75.212033,40.015289],[-75.211524,40.014973],[-75.210968,40.014647],[-75.210562,40.014428],[-75.209514,40.013888],[-75.209149,40.013702],[-75.208918,40.01358],[-75.208645,40.013424],[-75.2083,40.01321],[-75.208029,40.013034],[-75.206726,40.01217],[-75.206165,40.011817],[-75.20724,40.011024],[-75.207317,40.010217],[-75.208922,40.009456],[-75.213048,40.007455],[-75.214572,40.006811],[-75.219226,40.004625],[-75.225576,40.001643],[-75.229455,39.99982],[-75.23089,39.999148],[-75.235288,39.997097],[-75.241653,39.994114],[-75.250823,39.989805],[-75.254002,39.988314],[-75.256121,39.987321],[-75.256298,39.98721],[-75.258503,39.985576],[-75.258729,39.985391],[-75.262186,39.98349],[-75.263716,39.982643],[-75.271339,39.979263],[-75.273575,39.978269],[-75.276382,39.977014],[-75.279431,39.975446],[-75.280307,39.975001],[-75.280161,39.974809],[-75.280049,39.974557],[-75.280025,39.974514],[-75.279917,39.974406],[-75.279686,39.97425],[-75.279514,39.974158],[-75.279355,39.974084],[-75.279224,39.974037],[-75.279168,39.973997],[-75.279133,39.973946],[-75.279097,39.973768],[-75.279035,39.973608],[-75.278998,39.973551],[-75.278942,39.973378],[-75.278863,39.973258],[-75.278808,39.973078],[-75.278788,39.972872],[-75.278762,39.972698],[-75.278712,39.972492],[-75.278659,39.972355],[-75.27859,39.972251],[-75.278219,39.971885],[-75.277941,39.971718],[-75.277678,39.971669],[-75.277585,39.97162],[-75.27751,39.97152],[-75.277508,39.971442],[-75.277533,39.971401],[-75.277647,39.971365],[-75.277715,39.971331],[-75.277668,39.971234],[-75.277544,39.971137],[-75.27732,39.971095],[-75.277067,39.971118],[-75.276895,39.971194],[-75.276818,39.971257],[-75.276733,39.971276],[-75.276563,39.971269],[-75.276494,39.971209],[-75.276474,39.971145],[-75.276639,39.971025],[-75.276657,39.970888],[-75.276498,39.970594],[-75.276413,39.970425],[-75.276231,39.970339],[-75.275707,39.970303],[-75.275609,39.97022],[-75.275561,39.970112],[-75.275496,39.969939],[-75.275372,39.969563],[-75.275329,39.969463],[-75.275247,39.969367],[-75.275186,39.969333],[-75.274905,39.969297],[-75.274328,39.969326],[-75.273998,39.969326],[-75.273627,39.969297],[-75.273418,39.969292],[-75.273224,39.969313],[-75.273084,39.969313],[-75.272961,39.969302],[-75.27281,39.969256],[-75.272513,39.969147],[-75.272294,39.969089],[-75.272071,39.969017],[-75.272026,39.968994],[-75.271827,39.968788],[-75.271739,39.968753],[-75.27156,39.968725],[-75.271365,39.968719],[-75.27128,39.968688],[-75.271011,39.968618],[-75.270869,39.968641],[-75.270805,39.968673],[-75.270648,39.968693],[-75.270585,39.968674],[-75.270518,39.968619],[-75.270425,39.968489],[-75.270375,39.968312],[-75.270294,39.968195],[-75.270202,39.968018],[-75.270183,39.967966],[-75.270118,39.967853],[-75.27005,39.967689],[-75.270042,39.96762],[-75.269978,39.967464],[-75.269859,39.967353],[-75.269695,39.967329],[-75.269516,39.967368],[-75.269433,39.967402],[-75.269359,39.967411],[-75.269272,39.967405],[-75.269161,39.967384],[-75.269104,39.96735],[-75.269047,39.967295],[-75.268985,39.967175],[-75.268873,39.967],[-75.26875,39.966854],[-75.268635,39.966778],[-75.268515,39.96666],[-75.267652,39.966304],[-75.267481,39.966277],[-75.267388,39.966232],[-75.267216,39.966101],[-75.266945,39.966027],[-75.266904,39.96602],[-75.266609,39.966033],[-75.266379,39.966026],[-75.266015,39.965923],[-75.265878,39.965833],[-75.265818,39.965772],[-75.265751,39.965666],[-75.265595,39.96547],[-75.265537,39.965376],[-75.265469,39.965324],[-75.265435,39.965257],[-75.265318,39.965226],[-75.265075,39.965202],[-75.264557,39.965191],[-75.264454,39.965225],[-75.264267,39.965313],[-75.264138,39.965385],[-75.26401,39.965485],[-75.263907,39.965552],[-75.263799,39.965601],[-75.263564,39.965627],[-75.263466,39.965595],[-75.263306,39.96551],[-75.263201,39.96548],[-75.263141,39.965477],[-75.262894,39.965634],[-75.26276,39.96566],[-75.262535,39.965624],[-75.262507,39.965628],[-75.262439,39.965691],[-75.262334,39.965811],[-75.262165,39.965965],[-75.262096,39.966097],[-75.261894,39.966188],[-75.261806,39.966205],[-75.261642,39.966164],[-75.261552,39.966132],[-75.261389,39.966011],[-75.261211,39.966043],[-75.261099,39.966176],[-75.260914,39.966265],[-75.260826,39.96629],[-75.26063,39.966285],[-75.260493,39.966323],[-75.260195,39.966244],[-75.260067,39.966205],[-75.259911,39.966124],[-75.259681,39.966057],[-75.259559,39.966029],[-75.259453,39.965957],[-75.259428,39.965783],[-75.259339,39.965711],[-75.259092,39.965708],[-75.258962,39.965689],[-75.258843,39.965625],[-75.258782,39.965566],[-75.258715,39.965445],[-75.258706,39.965364],[-75.258712,39.965291],[-75.258704,39.964937],[-75.258682,39.964869],[-75.258567,39.96467],[-75.258498,39.964532],[-75.25839,39.964472],[-75.258197,39.964474],[-75.258071,39.964452],[-75.25801,39.964418],[-75.25795,39.96434],[-75.257946,39.964245],[-75.258016,39.964003],[-75.257999,39.963741],[-75.257953,39.963661],[-75.257861,39.963604],[-75.257707,39.96364],[-75.257581,39.963699],[-75.257483,39.963771],[-75.257361,39.963787],[-75.256902,39.963682],[-75.25669,39.963729],[-75.256601,39.963806],[-75.256582,39.963845],[-75.256331,39.964039],[-75.256248,39.964135],[-75.25614,39.964226],[-75.25592,39.964379],[-75.255837,39.964468],[-75.255717,39.964546],[-75.25558,39.964601],[-75.255402,39.964653],[-75.255225,39.964684],[-75.255085,39.964723],[-75.254906,39.96479],[-75.254622,39.964962],[-75.254506,39.965053],[-75.254401,39.96517],[-75.254299,39.965307],[-75.254203,39.965399],[-75.254143,39.965413],[-75.253939,39.965399],[-75.25342,39.965272],[-75.253256,39.965236],[-75.253105,39.965217],[-75.252975,39.965244],[-75.252849,39.96525],[-75.252705,39.965279],[-75.252414,39.965305],[-75.252166,39.965315],[-75.251942,39.965343],[-75.251774,39.965348],[-75.251606,39.965365],[-75.2515,39.965346],[-75.251398,39.965299],[-75.251342,39.96522],[-75.251338,39.965113],[-75.251317,39.965051],[-75.251173,39.964916],[-75.251081,39.964858],[-75.250992,39.964852],[-75.250796,39.964882],[-75.250715,39.964912],[-75.25057,39.96499],[-75.250399,39.965061],[-75.25023,39.965092],[-75.250058,39.965052],[-75.249871,39.964933],[-75.249692,39.964843],[-75.249553,39.964787],[-75.249416,39.964713],[-75.249072,39.964552],[-75.248618,39.964362],[-75.248281,39.964203],[-75.248018,39.964059],[-75.247894,39.963985],[-75.247805,39.963912],[-75.24772,39.96382],[-75.247626,39.963734],[-75.247538,39.963638],[-75.247482,39.963562],[-75.247466,39.963494],[-75.247407,39.963336],[-75.247421,39.9632],[-75.247603,39.963],[-75.24767,39.962885],[-75.247682,39.962826],[-75.247219,39.962767],[-75.247197,39.962758],[-75.246756,39.962714],[-75.245407,39.962546],[-75.244712,39.96246],[-75.244034,39.962374],[-75.243358,39.96229],[-75.242738,39.962212],[-75.241997,39.962122],[-75.241408,39.962048],[-75.240025,39.96188],[-75.239449,39.961803],[-75.238787,39.961724],[-75.234872,39.96124],[-75.234144,39.961145],[-75.233556,39.961075],[-75.231877,39.960859],[-75.23025,39.960665],[-75.229761,39.960605],[-75.229238,39.960544],[-75.228648,39.960473],[-75.228321,39.962043],[-75.228,39.963564],[-75.227681,39.965082],[-75.226571,39.964944],[-75.226112,39.964889],[-75.226234,39.96558],[-75.226385,39.966499],[-75.226471,39.967004],[-75.226644,39.968003],[-75.226712,39.968438],[-75.226878,39.969376],[-75.227057,39.970327],[-75.225619,39.970488],[-75.225837,39.971374],[-75.225844,39.97144],[-75.225714,39.971473],[-75.225387,39.97154],[-75.223675,39.971904],[-75.222616,39.972129],[-75.222013,39.972262],[-75.219076,39.972886],[-75.21842,39.973033],[-75.21777,39.972636],[-75.216334,39.9728],[-75.21389,39.973063],[-75.212215,39.973252],[-75.212424,39.973993],[-75.212618,39.974731],[-75.213012,39.976147],[-75.213125,39.976555],[-75.213307,39.977226],[-75.213473,39.9778],[-75.211292,39.976992],[-75.208602,39.975991],[-75.207894,39.975727],[-75.20691,39.975363],[-75.206629,39.975257],[-75.203723,39.974191],[-75.203156,39.974254],[-75.201739,39.974404],[-75.199508,39.974656],[-75.198996,39.974711],[-75.19827,39.974791],[-75.195414,39.975112],[-75.1949,39.975171],[-75.193214,39.975347],[-75.193071,39.975363],[-75.192958,39.975135],[-75.192771,39.974716],[-75.192645,39.974425],[-75.192362,39.973742],[-75.191873,39.972536],[-75.191739,39.972211],[-75.191697,39.972086],[-75.191598,39.971751],[-75.191461,39.971242],[-75.191383,39.970973],[-75.191295,39.970708],[-75.191192,39.970449],[-75.191067,39.970199],[-75.190996,39.970078],[-75.190913,39.96996],[-75.190819,39.969845],[-75.190715,39.969735],[-75.190601,39.969627],[-75.19048,39.969524],[-75.190221,39.969327],[-75.189949,39.969145],[-75.189742,39.969018],[-75.189599,39.968941],[-75.189449,39.968871],[-75.189135,39.968743],[-75.188528,39.968523],[-75.188289,39.968429],[-75.187939,39.968279],[-75.187507,39.968099],[-75.187199,39.967962],[-75.186903,39.967812],[-75.186763,39.96773],[-75.186562,39.967598],[-75.186301,39.967415],[-75.186077,39.967249],[-75.185735,39.966979],[-75.185464,39.966751],[-75.185258,39.96657],[-75.184974,39.966308],[-75.184781,39.966122],[-75.184632,39.965955],[-75.184455,39.965718],[-75.184148,39.965261],[-75.183644,39.964578],[-75.183471,39.96435],[-75.183308,39.964387],[-75.182824,39.964456],[-75.182517,39.96449],[-75.182157,39.964526],[-75.181991,39.964534],[-75.181762,39.964512],[-75.181646,39.964453],[-75.181419,39.964388],[-75.17943,39.964532],[-75.17813,39.964668],[-75.177867,39.964727],[-75.177628,39.964734],[-75.17733,39.964708],[-75.177056,39.96466],[-75.176221,39.964419],[-75.17678,39.964832],[-75.177515,39.965392],[-75.178034,39.965914],[-75.178816,39.966637],[-75.179687,39.967425],[-75.180165,39.967802],[-75.181591,39.969034],[-75.181534,39.969076],[-75.181601,39.96919],[-75.182154,39.969631],[-75.182789,39.970152],[-75.183135,39.970446],[-75.183564,39.970787],[-75.184193,39.97132],[-75.184285,39.971381],[-75.184729,39.971762],[-75.185005,39.971981],[-75.185089,39.972062],[-75.185188,39.972134],[-75.185526,39.972437],[-75.185542,39.972464],[-75.186253,39.973532],[-75.185397,39.973426],[-75.185309,39.973875],[-75.185256,39.974074],[-75.185193,39.974346],[-75.185103,39.974784],[-75.184993,39.97526],[-75.184974,39.975393],[-75.184947,39.975488],[-75.184885,39.975777],[-75.184794,39.97614],[-75.18472,39.976526],[-75.184636,39.976943],[-75.184443,39.977797],[-75.184743,39.977841],[-75.184711,39.97798],[-75.184609,39.978475],[-75.184587,39.978556],[-75.184529,39.978842],[-75.184447,39.979204],[-75.184702,39.979233],[-75.18573,39.97937],[-75.18732,39.97959],[-75.188988,39.979792],[-75.188663,39.981217],[-75.18854,39.98189],[-75.18837,39.982631],[-75.188205,39.983383],[-75.188035,39.984136],[-75.187953,39.98454],[-75.187707,39.985655],[-75.187599,39.986161],[-75.187493,39.986639],[-75.187276,39.987651],[-75.187174,39.988084],[-75.187062,39.988675],[-75.186716,39.990224],[-75.186374,39.991786],[-75.186151,39.992672],[-75.186018,39.993297],[-75.185796,39.994358],[-75.185699,39.994799],[-75.18546,39.9959],[-75.185367,39.99629],[-75.185259,39.996791],[-75.185032,39.997887],[-75.182344,39.997529],[-75.181794,39.997454],[-75.180192,39.997263],[-75.179207,39.997128],[-75.178579,39.997049],[-75.177991,39.996972],[-75.177504,39.99692],[-75.176951,39.996842],[-75.175541,39.996648],[-75.174421,39.996508],[-75.173951,39.996442],[-75.172358,39.99625],[-75.171328,39.996123],[-75.17077,39.996045]]]},"properties":{"objectid":7,"district":"4","shape_leng":168377.290984,"district_num":4,"Shape__Area":91641173.703125,"Shape__Length":67040.96997026667},"id":7},{"type":"Feature","geometry":{"type":"Polygon","coordinates":[[[-75.128631,39.977543],[-75.128846,39.977164],[-75.129576,39.975904],[-75.129931,39.975286],[-75.130394,39.974488],[-75.130709,39.974609],[-75.131951,39.975061],[-75.132017,39.975071],[-75.132673,39.975314],[-75.133148,39.974485],[-75.133376,39.974099],[-75.133432,39.974126],[-75.134041,39.974211],[-75.134478,39.974264],[-75.134633,39.974267],[-75.135073,39.974324],[-75.137859,39.974677],[-75.139026,39.974824],[-75.139718,39.974906],[-75.139956,39.973829],[-75.140217,39.972603],[-75.14057,39.972636],[-75.140628,39.972618],[-75.141435,39.97248],[-75.141519,39.972475],[-75.142013,39.972397],[-75.142221,39.972351],[-75.143543,39.97252],[-75.144461,39.972639],[-75.145326,39.972741],[-75.146085,39.972843],[-75.145563,39.975648],[-75.145449,39.976237],[-75.145013,39.978607],[-75.14473,39.980107],[-75.144454,39.981606],[-75.144054,39.983731],[-75.143955,39.984219],[-75.143847,39.984692],[-75.143644,39.985642],[-75.143503,39.986285],[-75.143171,39.987776],[-75.14285,39.989266],[-75.142524,39.990764],[-75.142176,39.992352],[-75.141833,39.993939],[-75.141498,39.995431],[-75.141169,39.996924],[-75.140938,39.998041],[-75.140848,39.998416],[-75.1405,40.000003],[-75.140404,40.000486],[-75.140231,40.001259],[-75.140151,40.001592],[-75.14007,40.00198],[-75.139878,40.002855],[-75.142418,40.001959],[-75.142755,40.002388],[-75.14293,40.002623],[-75.141292,40.00323],[-75.141494,40.003298],[-75.142773,40.003471],[-75.143295,40.003533],[-75.143135,40.004269],[-75.143148,40.004317],[-75.143303,40.00473],[-75.14344,40.005081],[-75.1431,40.006572],[-75.142776,40.008054],[-75.142765,40.008278],[-75.142441,40.009752],[-75.142114,40.011246],[-75.141788,40.012718],[-75.141748,40.012949],[-75.141449,40.014237],[-75.141129,40.015827],[-75.140764,40.017421],[-75.140446,40.018907],[-75.140108,40.0204],[-75.140952,40.020506],[-75.14203,40.020645],[-75.142366,40.02056],[-75.144589,40.020089],[-75.14511,40.019961],[-75.145369,40.019875],[-75.145594,40.01978],[-75.145924,40.019636],[-75.146397,40.019416],[-75.147061,40.019103],[-75.147146,40.01902],[-75.14847,40.018416],[-75.149092,40.018119],[-75.149349,40.017967],[-75.149589,40.016942],[-75.149729,40.016224],[-75.149772,40.016031],[-75.149842,40.015681],[-75.149934,40.015335],[-75.150041,40.014828],[-75.150098,40.014577],[-75.150216,40.013925],[-75.150247,40.013771],[-75.150397,40.013175],[-75.150576,40.01238],[-75.150886,40.010846],[-75.151093,40.009944],[-75.151249,40.009288],[-75.151371,40.008737],[-75.151456,40.008313],[-75.151605,40.007675],[-75.151923,40.006177],[-75.152238,40.004699],[-75.152553,40.003191],[-75.152928,40.001602],[-75.153274,40.000014],[-75.153377,39.999544],[-75.153432,39.999331],[-75.153568,39.998733],[-75.153611,39.998525],[-75.153987,39.996791],[-75.154144,39.996001],[-75.154256,39.995535],[-75.154321,39.995231],[-75.15459,39.993948],[-75.155055,39.994005],[-75.156231,39.994158],[-75.156789,39.994235],[-75.15725,39.994287],[-75.157794,39.994352],[-75.158361,39.994392],[-75.15881,39.99444],[-75.15937,39.994534],[-75.159921,39.994601],[-75.160949,39.994746],[-75.161352,39.994821],[-75.162545,39.994977],[-75.163543,39.995122],[-75.164098,39.995178],[-75.16757,39.995631],[-75.168142,39.995704],[-75.168609,39.995771],[-75.169179,39.995836],[-75.170204,39.995977],[-75.17077,39.996045],[-75.171328,39.996123],[-75.172358,39.99625],[-75.173951,39.996442],[-75.174421,39.996508],[-75.175541,39.996648],[-75.176951,39.996842],[-75.177504,39.99692],[-75.177991,39.996972],[-75.178579,39.997049],[-75.179207,39.997128],[-75.180192,39.997263],[-75.181794,39.997454],[-75.182344,39.997529],[-75.185032,39.997887],[-75.185259,39.996791],[-75.185367,39.99629],[-75.18546,39.9959],[-75.185699,39.994799],[-75.185796,39.994358],[-75.186018,39.993297],[-75.186151,39.992672],[-75.186374,39.991786],[-75.186716,39.990224],[-75.187062,39.988675],[-75.187174,39.988084],[-75.187276,39.987651],[-75.187493,39.986639],[-75.187599,39.986161],[-75.187707,39.985655],[-75.187953,39.98454],[-75.188035,39.984136],[-75.188205,39.983383],[-75.18837,39.982631],[-75.18854,39.98189],[-75.188663,39.981217],[-75.188988,39.979792],[-75.18732,39.97959],[-75.18573,39.97937],[-75.184702,39.979233],[-75.184447,39.979204],[-75.184529,39.978842],[-75.184587,39.978556],[-75.184609,39.978475],[-75.184711,39.97798],[-75.184743,39.977841],[-75.184443,39.977797],[-75.184636,39.976943],[-75.18472,39.976526],[-75.184794,39.97614],[-75.184885,39.975777],[-75.184947,39.975488],[-75.184974,39.975393],[-75.184993,39.97526],[-75.185103,39.974784],[-75.185193,39.974346],[-75.185256,39.974074],[-75.185309,39.973875],[-75.185397,39.973426],[-75.186253,39.973532],[-75.185542,39.972464],[-75.185526,39.972437],[-75.185188,39.972134],[-75.185089,39.972062],[-75.185005,39.971981],[-75.184729,39.971762],[-75.184285,39.971381],[-75.184193,39.97132],[-75.183564,39.970787],[-75.183135,39.970446],[-75.182789,39.970152],[-75.182154,39.969631],[-75.181601,39.96919],[-75.181534,39.969076],[-75.181591,39.969034],[-75.180165,39.967802],[-75.179687,39.967425],[-75.178816,39.966637],[-75.178034,39.965914],[-75.177515,39.965392],[-75.17678,39.964832],[-75.176221,39.964419],[-75.177056,39.96466],[-75.17733,39.964708],[-75.177628,39.964734],[-75.177867,39.964727],[-75.17813,39.964668],[-75.17943,39.964532],[-75.181419,39.964388],[-75.181646,39.964453],[-75.181762,39.964512],[-75.181991,39.964534],[-75.182157,39.964526],[-75.182517,39.96449],[-75.182824,39.964456],[-75.183308,39.964387],[-75.183471,39.96435],[-75.183253,39.964082],[-75.183029,39.963828],[-75.18285,39.963633],[-75.182536,39.963302],[-75.182114,39.962863],[-75.181751,39.962475],[-75.181551,39.96225],[-75.181284,39.961936],[-75.180927,39.961503],[-75.180716,39.96124],[-75.180378,39.960798],[-75.180162,39.9605],[-75.179977,39.96023],[-75.179844,39.960016],[-75.179786,39.959888],[-75.179741,39.959756],[-75.179704,39.959621],[-75.179613,39.959249],[-75.179472,39.958747],[-75.179402,39.958478],[-75.179346,39.958209],[-75.179325,39.958074],[-75.179305,39.957872],[-75.179305,39.957599],[-75.179332,39.957325],[-75.179379,39.957053],[-75.179432,39.956818],[-75.17947,39.956685],[-75.179563,39.956422],[-75.179761,39.955932],[-75.179854,39.955668],[-75.179893,39.955535],[-75.180024,39.955032],[-75.180107,39.954767],[-75.180157,39.954636],[-75.180226,39.954482],[-75.179439,39.954385],[-75.177825,39.954168],[-75.176658,39.954017],[-75.176785,39.953518],[-75.177004,39.952503],[-75.176194,39.952396],[-75.17541,39.9523],[-75.173492,39.952062],[-75.173656,39.951299],[-75.173708,39.951039],[-75.173725,39.950983],[-75.173815,39.950541],[-75.173962,39.949884],[-75.174076,39.9494],[-75.172999,39.949263],[-75.173087,39.948809],[-75.172601,39.948739],[-75.171026,39.948552],[-75.170914,39.949003],[-75.170264,39.948923],[-75.169342,39.948813],[-75.169255,39.949184],[-75.16921,39.949401],[-75.169104,39.949952],[-75.169005,39.95038],[-75.168931,39.950708],[-75.16877,39.951477],[-75.167197,39.951273],[-75.165613,39.951079],[-75.164013,39.950886],[-75.16386,39.950866],[-75.163711,39.951499],[-75.163645,39.951552],[-75.163519,39.9516],[-75.162984,39.951537],[-75.162879,39.951534],[-75.162721,39.951669],[-75.162609,39.952255],[-75.162591,39.952372],[-75.162546,39.95244],[-75.162442,39.952916],[-75.162382,39.953238],[-75.163206,39.953343],[-75.163331,39.953339],[-75.163195,39.953924],[-75.163096,39.954409],[-75.162889,39.955339],[-75.162691,39.956236],[-75.162365,39.957688],[-75.162296,39.958067],[-75.162178,39.958557],[-75.161963,39.95958],[-75.161775,39.960431],[-75.161649,39.961031],[-75.161479,39.961799],[-75.161415,39.962112],[-75.161383,39.962327],[-75.161386,39.962483],[-75.161062,39.962369],[-75.160862,39.962304],[-75.160687,39.962258],[-75.160501,39.962225],[-75.159289,39.962073],[-75.157709,39.961879],[-75.157568,39.961864],[-75.156118,39.961789],[-75.154515,39.96172],[-75.15376,39.961694],[-75.15293,39.961653],[-75.151785,39.961601],[-75.151346,39.961579],[-75.149812,39.961514],[-75.148188,39.961428],[-75.14656,39.961265],[-75.145772,39.961175],[-75.144966,39.961097],[-75.144729,39.962222],[-75.144688,39.962431],[-75.144513,39.963237],[-75.144405,39.963764],[-75.144324,39.964137],[-75.144004,39.965679],[-75.143764,39.966806],[-75.143728,39.966997],[-75.143238,39.969315],[-75.143097,39.969964],[-75.142372,39.969875],[-75.14152,39.969767],[-75.140668,39.969662],[-75.139581,39.969524],[-75.138592,39.969339],[-75.138008,39.969227],[-75.137766,39.969178],[-75.136793,39.968999],[-75.136226,39.968891],[-75.135145,39.968697],[-75.134431,39.968801],[-75.133702,39.969072],[-75.132557,39.96946],[-75.13178,39.969736],[-75.131111,39.969967],[-75.130455,39.970198],[-75.129436,39.970553],[-75.128429,39.970859],[-75.127719,39.97109],[-75.127105,39.97136],[-75.126652,39.971519],[-75.125902,39.971775],[-75.126142,39.972221],[-75.126385,39.972654],[-75.125292,39.97304],[-75.124836,39.973195],[-75.1244,39.973347],[-75.123988,39.972585],[-75.123907,39.972644],[-75.12269,39.973964],[-75.123393,39.974413],[-75.124323,39.975012],[-75.125205,39.975567],[-75.125302,39.975601],[-75.126544,39.976329],[-75.127071,39.976632],[-75.127404,39.976855],[-75.127571,39.976928],[-75.128631,39.977543]]]},"properties":{"objectid":8,"district":"5","shape_leng":96790.4995456,"district_num":5,"Shape__Area":30951346.5703125,"Shape__Length":38537.01410654161},"id":8},{"type":"Feature","geometry":{"type":"Polygon","coordinates":[[[-75.093833,39.974383],[-75.093471,39.974454],[-75.091348,39.974818],[-75.086393,39.975674],[-75.081497,39.97661],[-75.080306,39.976916],[-75.079262,39.977179],[-75.0783,39.977458],[-75.077231,39.977831],[-75.075824,39.978355],[-75.074498,39.978945],[-75.073233,39.979567],[-75.072239,39.980133],[-75.071202,39.980745],[-75.07014,39.981452],[-75.069394,39.982007],[-75.06809,39.98309],[-75.065811,39.984755],[-75.06498,39.985372],[-75.064466,39.985821],[-75.063948,39.986366],[-75.063186,39.98735],[-75.062616,39.988164],[-75.061114,39.990563],[-75.060532,39.991679],[-75.060083,39.992575],[-75.059787,39.993268],[-75.059399,39.994198],[-75.058821,39.995727],[-75.058432,39.996673],[-75.057806,39.997851],[-75.056937,39.999422],[-75.056029,40.000928],[-75.055164,40.002403],[-75.054223,40.003701],[-75.052879,40.005753],[-75.052357,40.006393],[-75.051713,40.006999],[-75.050922,40.007632],[-75.04994,40.008389],[-75.048833,40.00919],[-75.048025,40.009728],[-75.047009,40.010308],[-75.045952,40.010872],[-75.043733,40.012045],[-75.042636,40.012576],[-75.041665,40.013062],[-75.040381,40.01362],[-75.039183,40.014085],[-75.037881,40.014563],[-75.036582,40.014962],[-75.034784,40.015429],[-75.033055,40.015738],[-75.030972,40.016086],[-75.026583,40.016666],[-75.023773,40.017077],[-75.022503,40.017285],[-75.02148,40.0175],[-75.020416,40.017713],[-75.019371,40.01799],[-75.018258,40.018393],[-75.01628,40.019221],[-75.014866,40.019903],[-75.013679,40.020607],[-75.012596,40.021281],[-75.010632,40.022793],[-75.009694,40.023471],[-75.006232,40.025679],[-75.000863,40.028971],[-74.999761,40.029613],[-74.998761,40.030289],[-74.997732,40.031171],[-74.992557,40.035772],[-74.987709,40.039967],[-74.987025,40.040491],[-74.986282,40.04095],[-74.985562,40.041363],[-74.984944,40.041777],[-74.984432,40.042163],[-74.98383,40.042721],[-74.983135,40.043515],[-74.98235,40.044483],[-74.981747,40.045073],[-74.981169,40.045536],[-74.980593,40.045952],[-74.979894,40.046349],[-74.9792,40.046602],[-74.978258,40.046866],[-74.97719,40.047174],[-74.976642,40.047416],[-74.976216,40.047708],[-74.975763,40.048158],[-74.974786,40.049324],[-74.977407,40.051675],[-74.978441,40.05252],[-74.978651,40.052699],[-74.978866,40.052838],[-74.979625,40.053496],[-74.979688,40.053539],[-74.979867,40.053614],[-74.980089,40.053641],[-74.980493,40.053647],[-74.981012,40.053599],[-74.981394,40.053602],[-74.981593,40.053633],[-74.981829,40.053703],[-74.982324,40.053808],[-74.982541,40.053827],[-74.982793,40.053928],[-74.982866,40.053974],[-74.983065,40.054116],[-74.983231,40.054212],[-74.983429,40.054354],[-74.983504,40.054428],[-74.983621,40.054499],[-74.983791,40.054825],[-74.983815,40.05485],[-74.984125,40.055037],[-74.98418,40.055078],[-74.984245,40.055187],[-74.984272,40.055812],[-74.984339,40.05607],[-74.984412,40.056214],[-74.984647,40.056466],[-74.984827,40.056624],[-74.984951,40.056724],[-74.985168,40.05695],[-74.985188,40.057114],[-74.985142,40.057227],[-74.985067,40.0573],[-74.984599,40.057606],[-74.984484,40.057708],[-74.984379,40.05779],[-74.984274,40.057853],[-74.983775,40.057985],[-74.983516,40.058047],[-74.983199,40.058227],[-74.983125,40.058277],[-74.982951,40.058371],[-74.982725,40.05847],[-74.982572,40.05853],[-74.982228,40.058734],[-74.982151,40.0588],[-74.982015,40.058958],[-74.981881,40.05913],[-74.981769,40.059244],[-74.981284,40.059808],[-74.981118,40.059896],[-74.980903,40.05995],[-74.980653,40.060003],[-74.980486,40.060088],[-74.980426,40.06029],[-74.980551,40.060451],[-74.980647,40.060529],[-74.980769,40.060614],[-74.980839,40.06068],[-74.980919,40.060888],[-74.980955,40.06118],[-74.980929,40.061244],[-74.98091,40.061419],[-74.981003,40.061696],[-74.981043,40.061948],[-74.981012,40.062071],[-74.980922,40.062206],[-74.980821,40.062486],[-74.980812,40.062547],[-74.980841,40.06266],[-74.981017,40.062937],[-74.981092,40.063034],[-74.98112,40.063198],[-74.981113,40.063355],[-74.981072,40.063544],[-74.980984,40.06381],[-74.980925,40.064207],[-74.980915,40.064334],[-74.980927,40.064509],[-74.980968,40.064677],[-74.981068,40.064939],[-74.982357,40.064682],[-74.982826,40.064558],[-74.983261,40.064425],[-74.983735,40.064269],[-74.984175,40.064085],[-74.984953,40.06367],[-74.98558,40.063355],[-74.985613,40.063326],[-74.987044,40.062463],[-74.987943,40.061922],[-74.988391,40.061641],[-74.990434,40.060405],[-74.990644,40.06051],[-74.990857,40.060669],[-74.991103,40.060833],[-74.991305,40.060934],[-74.991711,40.061105],[-74.991947,40.061176],[-74.992399,40.061278],[-74.992816,40.06134],[-74.993219,40.061405],[-74.993569,40.061502],[-74.993954,40.061637],[-74.994279,40.061791],[-74.994516,40.061923],[-74.999025,40.064489],[-75.000205,40.06516],[-75.002905,40.066691],[-75.007272,40.069171],[-75.013129,40.072081],[-75.01409,40.072652],[-75.015067,40.073188],[-75.017147,40.074352],[-75.021751,40.076965],[-75.023716,40.078004],[-75.02538,40.078953],[-75.028451,40.080687],[-75.028777,40.080874],[-75.030411,40.079186],[-75.032829,40.076674],[-75.033394,40.076102],[-75.034953,40.074468],[-75.036047,40.073337],[-75.036192,40.073206],[-75.037363,40.071961],[-75.038136,40.071173],[-75.038993,40.07029],[-75.039191,40.070042],[-75.039576,40.069574],[-75.039907,40.069057],[-75.04011,40.068711],[-75.040579,40.067661],[-75.042453,40.063482],[-75.042913,40.062417],[-75.044203,40.059486],[-75.04424,40.059412],[-75.044818,40.058674],[-75.044967,40.058513],[-75.045956,40.057605],[-75.046481,40.057141],[-75.046859,40.056747],[-75.049285,40.054282],[-75.050043,40.05354],[-75.050464,40.053088],[-75.050644,40.052845],[-75.050885,40.052443],[-75.051055,40.05206],[-75.05106,40.052039],[-75.05126,40.052084],[-75.051918,40.052254],[-75.05247,40.052381],[-75.052856,40.052466],[-75.053368,40.052594],[-75.053644,40.052282],[-75.053933,40.051993],[-75.054195,40.051697],[-75.054505,40.051396],[-75.056039,40.05225],[-75.056325,40.05192],[-75.056572,40.051617],[-75.05681,40.051338],[-75.057157,40.050963],[-75.057624,40.050419],[-75.057857,40.050155],[-75.058109,40.049876],[-75.058287,40.049697],[-75.059939,40.04776],[-75.061377,40.048595],[-75.062386,40.049157],[-75.06344,40.04976],[-75.065218,40.047888],[-75.06643,40.046628],[-75.066288,40.046555],[-75.065696,40.046221],[-75.06533,40.046017],[-75.066549,40.044751],[-75.0674,40.04383],[-75.06768,40.043537],[-75.067397,40.043384],[-75.066819,40.043055],[-75.066503,40.042882],[-75.067665,40.041644],[-75.067397,40.041487],[-75.067068,40.041306],[-75.066759,40.041123],[-75.066428,40.040946],[-75.066088,40.040738],[-75.065584,40.040451],[-75.066501,40.03953],[-75.066774,40.039239],[-75.067148,40.038897],[-75.067443,40.038618],[-75.068005,40.038069],[-75.06827,40.037804],[-75.069265,40.036818],[-75.070202,40.035918],[-75.070526,40.035627],[-75.070809,40.035289],[-75.070919,40.035112],[-75.067602,40.035897],[-75.066186,40.036233],[-75.064447,40.036606],[-75.064365,40.036315],[-75.064253,40.035893],[-75.063785,40.033728],[-75.063737,40.033705],[-75.063595,40.033511],[-75.063192,40.031576],[-75.062907,40.03023],[-75.062938,40.030102],[-75.062831,40.02942],[-75.06268,40.029191],[-75.062556,40.028631],[-75.062428,40.027989],[-75.062465,40.02789],[-75.062397,40.027454],[-75.062421,40.027146],[-75.062563,40.026136],[-75.06264,40.02562],[-75.062692,40.025218],[-75.062805,40.024411],[-75.062944,40.02348],[-75.062968,40.023261],[-75.063084,40.022462],[-75.063152,40.022032],[-75.06319,40.021649],[-75.063422,40.020051],[-75.063622,40.018684],[-75.063671,40.018415],[-75.063812,40.018209],[-75.064552,40.017814],[-75.065117,40.017521],[-75.065695,40.01723],[-75.066755,40.016671],[-75.067268,40.016046],[-75.06775,40.015439],[-75.068073,40.015002],[-75.068205,40.014739],[-75.068355,40.014219],[-75.068506,40.013629],[-75.068583,40.013381],[-75.068673,40.013109],[-75.068871,40.012761],[-75.069072,40.01246],[-75.069291,40.012201],[-75.069789,40.011552],[-75.070584,40.010542],[-75.07845,40.008595],[-75.078335,40.008076],[-75.078197,40.00742],[-75.078049,40.006742],[-75.077894,40.006071],[-75.077751,40.005392],[-75.077595,40.004707],[-75.077479,40.004148],[-75.077709,40.003993],[-75.078707,40.003171],[-75.07926,40.002736],[-75.079785,40.002347],[-75.081683,40.001358],[-75.086377,39.998903],[-75.086417,39.998946],[-75.086775,39.999244],[-75.087009,39.999518],[-75.087227,39.999838],[-75.087431,40.000198],[-75.087469,40.000559],[-75.0875,40.000966],[-75.087561,40.001414],[-75.087567,40.001784],[-75.08759,40.002029],[-75.087667,40.002264],[-75.087795,40.002531],[-75.087922,40.002823],[-75.088085,40.003045],[-75.088523,40.003471],[-75.088691,40.003561],[-75.088886,40.003657],[-75.089034,40.003747],[-75.08927,40.003773],[-75.089575,40.003917],[-75.089945,40.004073],[-75.090355,40.004214],[-75.090667,40.004353],[-75.09098,40.004442],[-75.091234,40.004524],[-75.091489,40.004596],[-75.091749,40.004698],[-75.091975,40.00481],[-75.092154,40.004951],[-75.092209,40.005064],[-75.092323,40.005199],[-75.092648,40.0055],[-75.092768,40.00564],[-75.09288,40.005805],[-75.092909,40.005902],[-75.09293,40.006055],[-75.092859,40.00618],[-75.092565,40.006595],[-75.09236,40.006783],[-75.092214,40.006972],[-75.092149,40.007118],[-75.092129,40.00728],[-75.092183,40.007428],[-75.092325,40.007675],[-75.092527,40.007918],[-75.092566,40.007949],[-75.0936,40.007386],[-75.094107,40.007106],[-75.094853,40.006687],[-75.09635,40.005861],[-75.096869,40.00557],[-75.097982,40.004959],[-75.099365,40.004212],[-75.1005,40.003588],[-75.101813,40.002873],[-75.104201,40.001535],[-75.105429,40.000883],[-75.106446,40.000332],[-75.107596,39.999672],[-75.108147,39.999367],[-75.108726,39.999042],[-75.109297,39.998754],[-75.10985,39.998446],[-75.110421,39.998134],[-75.110986,39.99781],[-75.111561,39.997484],[-75.112136,39.997168],[-75.112713,39.996869],[-75.11339,39.996503],[-75.112215,39.995182],[-75.111372,39.994221],[-75.110262,39.992966],[-75.109712,39.992344],[-75.109343,39.991919],[-75.108316,39.990741],[-75.108017,39.99041],[-75.107732,39.990089],[-75.107342,39.989654],[-75.10705,39.989322],[-75.106751,39.98899],[-75.106328,39.988533],[-75.105918,39.988046],[-75.105483,39.987562],[-75.104719,39.98668],[-75.104368,39.986283],[-75.104049,39.985916],[-75.103727,39.985555],[-75.103368,39.985139],[-75.103002,39.98473],[-75.1025,39.984187],[-75.10222,39.983863],[-75.10194,39.983548],[-75.101731,39.983307],[-75.101441,39.982983],[-75.101014,39.98247],[-75.100821,39.982225],[-75.100597,39.981981],[-75.099645,39.980954],[-75.09782,39.978862],[-75.093833,39.974383]]]},"properties":{"objectid":9,"district":"6","shape_leng":134345.136361,"district_num":6,"Shape__Area":81974129.0390625,"Shape__Length":53509.584295896886},"id":9},{"type":"Feature","geometry":{"type":"Polygon","coordinates":[[[-75.183471,39.96435],[-75.183644,39.964578],[-75.184148,39.965261],[-75.184455,39.965718],[-75.184632,39.965955],[-75.184781,39.966122],[-75.184974,39.966308],[-75.185258,39.96657],[-75.185464,39.966751],[-75.185735,39.966979],[-75.186077,39.967249],[-75.186301,39.967415],[-75.186562,39.967598],[-75.186763,39.96773],[-75.186903,39.967812],[-75.187199,39.967962],[-75.187507,39.968099],[-75.187939,39.968279],[-75.188289,39.968429],[-75.188528,39.968523],[-75.189135,39.968743],[-75.189449,39.968871],[-75.189599,39.968941],[-75.189742,39.969018],[-75.189949,39.969145],[-75.190221,39.969327],[-75.19048,39.969524],[-75.190601,39.969627],[-75.190715,39.969735],[-75.190819,39.969845],[-75.190913,39.96996],[-75.190996,39.970078],[-75.191067,39.970199],[-75.191192,39.970449],[-75.191295,39.970708],[-75.191383,39.970973],[-75.191461,39.971242],[-75.191598,39.971751],[-75.191697,39.972086],[-75.191739,39.972211],[-75.191873,39.972536],[-75.192362,39.973742],[-75.192645,39.974425],[-75.192771,39.974716],[-75.192958,39.975135],[-75.193071,39.975363],[-75.193214,39.975347],[-75.1949,39.975171],[-75.195414,39.975112],[-75.19827,39.974791],[-75.198996,39.974711],[-75.199508,39.974656],[-75.201739,39.974404],[-75.203156,39.974254],[-75.203723,39.974191],[-75.206629,39.975257],[-75.20691,39.975363],[-75.207894,39.975727],[-75.208602,39.975991],[-75.211292,39.976992],[-75.213473,39.9778],[-75.213307,39.977226],[-75.213125,39.976555],[-75.213012,39.976147],[-75.212618,39.974731],[-75.212424,39.973993],[-75.212215,39.973252],[-75.21389,39.973063],[-75.216334,39.9728],[-75.21777,39.972636],[-75.21842,39.973033],[-75.219076,39.972886],[-75.222013,39.972262],[-75.222616,39.972129],[-75.223675,39.971904],[-75.225387,39.97154],[-75.225714,39.971473],[-75.225844,39.97144],[-75.225837,39.971374],[-75.225619,39.970488],[-75.227057,39.970327],[-75.226878,39.969376],[-75.226712,39.968438],[-75.226644,39.968003],[-75.226471,39.967004],[-75.226385,39.966499],[-75.226234,39.96558],[-75.226112,39.964889],[-75.226571,39.964944],[-75.227681,39.965082],[-75.228,39.963564],[-75.228321,39.962043],[-75.228648,39.960473],[-75.229238,39.960544],[-75.229761,39.960605],[-75.23025,39.960665],[-75.231877,39.960859],[-75.233556,39.961075],[-75.234144,39.961145],[-75.234872,39.96124],[-75.238787,39.961724],[-75.239449,39.961803],[-75.240025,39.96188],[-75.241408,39.962048],[-75.241997,39.962122],[-75.242738,39.962212],[-75.243358,39.96229],[-75.244034,39.962374],[-75.244712,39.96246],[-75.245407,39.962546],[-75.246756,39.962714],[-75.247197,39.962758],[-75.247219,39.962767],[-75.247682,39.962826],[-75.247744,39.962503],[-75.247759,39.962296],[-75.247688,39.962055],[-75.247754,39.961879],[-75.24779,39.961805],[-75.247831,39.961677],[-75.247863,39.961523],[-75.247894,39.961191],[-75.247925,39.961095],[-75.247984,39.960982],[-75.248258,39.960663],[-75.248315,39.960573],[-75.248386,39.960435],[-75.248443,39.960359],[-75.24855,39.960279],[-75.249086,39.960019],[-75.249215,39.95993],[-75.249418,39.959776],[-75.249598,39.959664],[-75.249731,39.959612],[-75.24988,39.959566],[-75.250294,39.959407],[-75.250821,39.959125],[-75.250854,39.95909],[-75.250878,39.959015],[-75.250879,39.958752],[-75.250841,39.958651],[-75.250782,39.958546],[-75.250757,39.958478],[-75.250663,39.958337],[-75.250445,39.958119],[-75.250161,39.957783],[-75.249534,39.957222],[-75.249329,39.957084],[-75.249067,39.956967],[-75.249008,39.956917],[-75.248928,39.956638],[-75.248935,39.95658],[-75.24899,39.956437],[-75.249231,39.956231],[-75.249256,39.956102],[-75.249229,39.956002],[-75.249167,39.955871],[-75.249119,39.955686],[-75.249166,39.955524],[-75.249236,39.955438],[-75.249476,39.955367],[-75.249577,39.955271],[-75.249619,39.95519],[-75.249746,39.954836],[-75.249756,39.954579],[-75.24984,39.95444],[-75.249957,39.954339],[-75.25005,39.95416],[-75.250417,39.953816],[-75.250453,39.953773],[-75.250573,39.953682],[-75.25105,39.953305],[-75.251202,39.95305],[-75.251148,39.952923],[-75.251144,39.952793],[-75.251188,39.952673],[-75.251514,39.95225],[-75.25162,39.952022],[-75.251643,39.95189],[-75.251638,39.951806],[-75.251611,39.951631],[-75.251623,39.951566],[-75.251593,39.951546],[-75.251602,39.951407],[-75.251587,39.95129],[-75.251427,39.95115],[-75.251354,39.951076],[-75.251269,39.950963],[-75.251203,39.950856],[-75.251156,39.950758],[-75.251135,39.950635],[-75.251155,39.950425],[-75.251195,39.950275],[-75.251246,39.950167],[-75.251312,39.949977],[-75.251438,39.949796],[-75.25152,39.949642],[-75.251563,39.949471],[-75.25156,39.949371],[-75.251533,39.949191],[-75.251444,39.949044],[-75.25136,39.948986],[-75.251294,39.948919],[-75.251195,39.948836],[-75.2509,39.948554],[-75.250804,39.948473],[-75.250616,39.948301],[-75.250476,39.94819],[-75.250395,39.948067],[-75.250348,39.947965],[-75.250335,39.947859],[-75.250207,39.947352],[-75.250167,39.947173],[-75.25011,39.94701],[-75.250044,39.94688],[-75.249945,39.946719],[-75.249857,39.946595],[-75.249718,39.946498],[-75.249566,39.946411],[-75.249372,39.946313],[-75.249287,39.946214],[-75.249093,39.946019],[-75.248975,39.945926],[-75.24892,39.94587],[-75.248565,39.945572],[-75.248416,39.945474],[-75.248368,39.945415],[-75.248263,39.945319],[-75.248173,39.945127],[-75.248139,39.945016],[-75.248073,39.944929],[-75.2479,39.9448],[-75.247637,39.94454],[-75.247555,39.94447],[-75.247424,39.9443],[-75.247404,39.944231],[-75.247323,39.944069],[-75.247212,39.943915],[-75.247088,39.943694],[-75.247058,39.9436],[-75.247027,39.943406],[-75.246967,39.943333],[-75.246929,39.943235],[-75.246874,39.943141],[-75.246746,39.942878],[-75.246712,39.942834],[-75.246619,39.942767],[-75.246495,39.942699],[-75.246288,39.942646],[-75.246074,39.942629],[-75.245852,39.942617],[-75.245382,39.94263],[-75.245184,39.942629],[-75.245078,39.942618],[-75.244661,39.942599],[-75.244072,39.942511],[-75.243533,39.942452],[-75.24329,39.942332],[-75.243001,39.94231],[-75.242796,39.942282],[-75.242611,39.942285],[-75.242372,39.942276],[-75.242075,39.942254],[-75.241752,39.942257],[-75.24145,39.942284],[-75.240956,39.942255],[-75.240668,39.942219],[-75.240553,39.942214],[-75.240369,39.942181],[-75.240152,39.942096],[-75.240069,39.941997],[-75.239968,39.941907],[-75.239863,39.941798],[-75.239789,39.941664],[-75.239584,39.941417],[-75.239542,39.941284],[-75.239491,39.941189],[-75.239411,39.940864],[-75.239402,39.940753],[-75.239413,39.940617],[-75.239483,39.940514],[-75.239638,39.940312],[-75.239882,39.940082],[-75.240019,39.93985],[-75.240242,39.939577],[-75.240629,39.9392],[-75.240741,39.938977],[-75.240763,39.938827],[-75.240724,39.938763],[-75.240464,39.938515],[-75.240296,39.93839],[-75.240115,39.938279],[-75.23995,39.938195],[-75.239673,39.938164],[-75.239254,39.938183],[-75.238885,39.938168],[-75.238328,39.938233],[-75.238004,39.938234],[-75.237871,39.938249],[-75.237706,39.938278],[-75.237532,39.938323],[-75.237194,39.938383],[-75.237016,39.938424],[-75.236852,39.93845],[-75.236658,39.938468],[-75.236461,39.938474],[-75.236138,39.938463],[-75.236004,39.938438],[-75.235846,39.938418],[-75.235703,39.938418],[-75.235548,39.938399],[-75.235262,39.938325],[-75.235165,39.938281],[-75.235032,39.938177],[-75.235005,39.938136],[-75.23497,39.937759],[-75.234952,39.937682],[-75.234802,39.937347],[-75.234799,39.937268],[-75.23477,39.937096],[-75.234783,39.937028],[-75.234746,39.936894],[-75.234775,39.936763],[-75.2348,39.936728],[-75.234877,39.936462],[-75.234921,39.936404],[-75.234922,39.936343],[-75.234981,39.936231],[-75.235165,39.936062],[-75.235191,39.936023],[-75.235364,39.935894],[-75.23546,39.935833],[-75.235823,39.935646],[-75.2361,39.935465],[-75.235252,39.935006],[-75.234878,39.934821],[-75.234585,39.93465],[-75.234533,39.934602],[-75.234143,39.934421],[-75.233864,39.934354],[-75.233697,39.934333],[-75.233579,39.934338],[-75.233418,39.93436],[-75.233169,39.934412],[-75.233073,39.934441],[-75.232726,39.934647],[-75.231099,39.935782],[-75.229729,39.936752],[-75.228845,39.937368],[-75.228361,39.93771],[-75.22716,39.93671],[-75.225889,39.935635],[-75.224492,39.934444],[-75.223222,39.933399],[-75.223728,39.933041],[-75.224596,39.93242],[-75.223305,39.931325],[-75.215861,39.933075],[-75.216264,39.93249],[-75.216886,39.931635],[-75.217417,39.930855],[-75.218463,39.929373],[-75.218802,39.928877],[-75.219366,39.928044],[-75.219698,39.927521],[-75.220297,39.926669],[-75.221341,39.925127],[-75.221535,39.924823],[-75.221576,39.924765],[-75.221729,39.925088],[-75.222138,39.925878],[-75.222554,39.9256],[-75.223064,39.92524],[-75.223418,39.924974],[-75.223454,39.9249],[-75.223962,39.924523],[-75.224443,39.924198],[-75.224953,39.923847],[-75.226321,39.922877],[-75.227695,39.921899],[-75.227002,39.92132],[-75.226799,39.921135],[-75.225809,39.920322],[-75.227001,39.91949],[-75.227046,39.919442],[-75.226844,39.919265],[-75.22664,39.919095],[-75.225404,39.919967],[-75.225188,39.919791],[-75.225057,39.919739],[-75.225455,39.91914],[-75.225896,39.918509],[-75.225806,39.918491],[-75.224212,39.917841],[-75.223802,39.918459],[-75.223385,39.919059],[-75.222775,39.919928],[-75.216407,39.917323],[-75.216251,39.917247],[-75.205014,39.912839],[-75.204857,39.913062],[-75.203915,39.914761],[-75.203324,39.915929],[-75.20306,39.916448],[-75.202793,39.916966],[-75.202582,39.917351],[-75.202365,39.917734],[-75.202223,39.917991],[-75.202087,39.918249],[-75.201962,39.91851],[-75.201855,39.918778],[-75.201812,39.918914],[-75.201778,39.91905],[-75.201755,39.919188],[-75.201745,39.91933],[-75.201755,39.919473],[-75.201796,39.919608],[-75.20187,39.919732],[-75.202046,39.919976],[-75.202146,39.920096],[-75.202252,39.920212],[-75.202366,39.920323],[-75.202485,39.920428],[-75.20261,39.920526],[-75.202744,39.920618],[-75.202889,39.920705],[-75.203042,39.920784],[-75.203202,39.920856],[-75.203367,39.920918],[-75.203533,39.920971],[-75.203702,39.921013],[-75.203876,39.921044],[-75.204056,39.921065],[-75.204239,39.921077],[-75.204423,39.921082],[-75.204789,39.921074],[-75.205148,39.92105],[-75.205507,39.921016],[-75.205866,39.920974],[-75.206404,39.920908],[-75.206763,39.920866],[-75.207122,39.920831],[-75.207481,39.920806],[-75.20784,39.920796],[-75.208021,39.920801],[-75.208203,39.920813],[-75.208564,39.920854],[-75.208919,39.920914],[-75.209267,39.920989],[-75.209612,39.921081],[-75.209949,39.921191],[-75.210268,39.921321],[-75.210419,39.921394],[-75.210564,39.921476],[-75.210702,39.921566],[-75.210834,39.921663],[-75.210961,39.921765],[-75.211196,39.92198],[-75.211415,39.922201],[-75.211624,39.922431],[-75.211818,39.922669],[-75.21199,39.922914],[-75.212067,39.923039],[-75.212202,39.923297],[-75.212317,39.923564],[-75.212406,39.923838],[-75.212439,39.923975],[-75.212462,39.924113],[-75.212485,39.924388],[-75.212485,39.924666],[-75.212465,39.924945],[-75.21243,39.925225],[-75.212384,39.925503],[-75.21233,39.925779],[-75.212269,39.926053],[-75.212199,39.926328],[-75.212118,39.926601],[-75.212024,39.926871],[-75.211916,39.927136],[-75.211791,39.927397],[-75.211654,39.927653],[-75.211505,39.927907],[-75.211348,39.928159],[-75.211184,39.928408],[-75.211014,39.928655],[-75.210841,39.9289],[-75.210489,39.929387],[-75.210309,39.929629],[-75.209943,39.930109],[-75.209569,39.930586],[-75.20919,39.931061],[-75.208521,39.931889],[-75.208327,39.932124],[-75.207932,39.932591],[-75.207233,39.933404],[-75.206839,39.933872],[-75.206549,39.934225],[-75.206248,39.934578],[-75.206052,39.934815],[-75.20587,39.935057],[-75.205714,39.935305],[-75.205647,39.935432],[-75.20559,39.935562],[-75.205495,39.935829],[-75.205424,39.936104],[-75.20537,39.936382],[-75.205329,39.936662],[-75.20528,39.937079],[-75.205256,39.937356],[-75.205239,39.937634],[-75.205229,39.937913],[-75.205223,39.938192],[-75.205212,39.939168],[-75.205217,39.939446],[-75.205237,39.939865],[-75.205247,39.940144],[-75.205245,39.940422],[-75.205236,39.940561],[-75.205192,39.940979],[-75.205154,39.941261],[-75.205104,39.941541],[-75.205035,39.941815],[-75.204941,39.942081],[-75.204882,39.94221],[-75.204813,39.942335],[-75.20473,39.942459],[-75.204635,39.94258],[-75.20453,39.942697],[-75.204416,39.94281],[-75.204294,39.942918],[-75.204166,39.94302],[-75.204035,39.943116],[-75.2039,39.943204],[-75.203756,39.943285],[-75.203604,39.94336],[-75.203281,39.943491],[-75.202944,39.943605],[-75.202605,39.943707],[-75.202262,39.9438],[-75.201911,39.943876],[-75.201554,39.943933],[-75.201376,39.943952],[-75.201198,39.943964],[-75.201017,39.94397],[-75.200834,39.943968],[-75.200651,39.943958],[-75.200469,39.94394],[-75.20029,39.943915],[-75.200115,39.943881],[-75.199944,39.94384],[-75.199604,39.943749],[-75.199267,39.943645],[-75.198934,39.943533],[-75.198604,39.943415],[-75.198114,39.943233],[-75.197954,39.943168],[-75.19764,39.943029],[-75.197174,39.942814],[-75.196858,39.942678],[-75.196697,39.942615],[-75.196366,39.942502],[-75.196026,39.942404],[-75.19568,39.942321],[-75.195329,39.942253],[-75.194972,39.9422],[-75.194612,39.942169],[-75.194251,39.942165],[-75.194068,39.942172],[-75.193886,39.942187],[-75.193706,39.942209],[-75.193531,39.942238],[-75.193186,39.942323],[-75.193016,39.942375],[-75.192848,39.942433],[-75.192686,39.942497],[-75.19253,39.942568],[-75.192382,39.942645],[-75.192243,39.942732],[-75.192113,39.942828],[-75.191989,39.942931],[-75.191516,39.943357],[-75.191285,39.943571],[-75.190489,39.94433],[-75.190257,39.944544],[-75.19002,39.944755],[-75.189536,39.94517],[-75.189289,39.945374],[-75.189036,39.945573],[-75.188776,39.945767],[-75.188509,39.945954],[-75.188229,39.946129],[-75.18794,39.946297],[-75.1875,39.946544],[-75.187211,39.946712],[-75.18693,39.946888],[-75.186524,39.947165],[-75.186255,39.947351],[-75.185855,39.947634],[-75.185458,39.947919],[-75.185064,39.948207],[-75.184545,39.948596],[-75.184161,39.948891],[-75.183779,39.949189],[-75.183525,39.94939],[-75.183277,39.949596],[-75.183039,39.949806],[-75.182814,39.950024],[-75.182608,39.95025],[-75.182515,39.950368],[-75.182354,39.950615],[-75.182215,39.950874],[-75.182019,39.951267],[-75.181911,39.951466],[-75.181221,39.952686],[-75.180923,39.953219],[-75.180581,39.953813],[-75.18044,39.954063],[-75.180307,39.954316],[-75.180226,39.954482],[-75.180157,39.954636],[-75.180107,39.954767],[-75.180024,39.955032],[-75.179893,39.955535],[-75.179854,39.955668],[-75.179761,39.955932],[-75.179563,39.956422],[-75.17947,39.956685],[-75.179432,39.956818],[-75.179379,39.957053],[-75.179332,39.957325],[-75.179305,39.957599],[-75.179305,39.957872],[-75.179325,39.958074],[-75.179346,39.958209],[-75.179402,39.958478],[-75.179472,39.958747],[-75.179613,39.959249],[-75.179704,39.959621],[-75.179741,39.959756],[-75.179786,39.959888],[-75.179844,39.960016],[-75.179977,39.96023],[-75.180162,39.9605],[-75.180378,39.960798],[-75.180716,39.96124],[-75.180927,39.961503],[-75.181284,39.961936],[-75.181551,39.96225],[-75.181751,39.962475],[-75.182114,39.962863],[-75.182536,39.963302],[-75.18285,39.963633],[-75.183029,39.963828],[-75.183253,39.964082],[-75.183471,39.96435]]]},"properties":{"objectid":10,"district":"3","shape_leng":92775.1946488,"district_num":3,"Shape__Area":36618690.08203125,"Shape__Length":36862.75138172131},"id":10}]}